temperature,light_intensity,potentiometer_voltage,solar_panel_voltage
24.9,41.15,1.9,0.04
24.9,41.54,1.91,0.05
24.9,41.15,1.93,0.04
24.9,41.25,1.92,0.05
24.9,40.96,1.92,0.04
24.9,41.35,1.91,0.04
24.9,41.15,1.92,0.05
24.9,37.34,1.96,0.04
24.9,31.87,1.94,0.03
24.9,31.09,1.93,0.03
24.9,30.3,1.94,0.03
24.9,29.03,1.93,0.03
24.9,31.96,1.96,0.03
24.9,44.09,1.93,0.05
24.9,48.48,1.92,0.05
24.9,48.97,1.9,0.06
24.9,52.2,1.91,0.08
24.9,53.27,1.91,0.1
24.9,53.67,1.9,0.07
24.9,67.16,1.89,0.14
24.9,68.04,1.89,0.14
24.9,73.8,1.88,0.19
24.9,76.93,1.88,0.25
24.9,87.0,1.84,0.58
24.9,94.04,1.87,1.14
24.9,97.26,1.87,2.47
24.9,98.73,1.82,5.0
24.9,98.04,1.85,5.0
24.9,99.02,1.87,5.0
24.9,99.02,1.81,5.0
24.9,99.02,1.83,5.0
24.9,99.02,1.81,5.0
25.0,99.02,1.85,5.0
25.0,98.92,1.86,5.0
25.1,97.85,1.84,5.0
25.1,99.02,1.81,5.0
25.2,99.02,1.82,5.0
25.2,97.56,1.83,4.91
25.2,98.92,1.8,5.0
25.2,99.02,1.84,5.0
25.3,99.02,1.85,5.0
25.3,99.02,1.84,5.0
25.4,98.92,1.87,5.0
25.4,98.83,1.87,5.0
25.5,98.83,1.85,5.0
25.5,98.83,1.86,5.0
25.6,99.02,1.87,5.0
25.6,99.02,1.84,5.0
25.7,97.95,1.87,5.0
25.7,97.95,1.81,5.0
25.9,99.02,1.84,5.0
25.9,98.83,1.84,5.0
25.8,99.02,1.87,5.0
25.8,99.02,1.87,5.0
26.0,99.12,1.85,5.0
26.0,99.02,1.85,5.0
26.1,99.12,1.85,5.0
26.1,99.12,1.85,5.0
26.2,99.12,1.85,5.0
26.2,99.12,1.85,5.0
26.3,99.12,1.84,5.0
26.3,99.12,1.85,5.0
26.4,99.12,1.86,5.0
26.4,99.12,1.81,5.0
26.5,97.85,1.85,5.0
26.5,97.95,1.86,5.0
26.6,99.02,1.87,5.0
26.6,99.02,1.84,5.0
26.7,99.02,1.84,5.0
26.7,99.12,1.85,5.0
26.8,99.02,1.86,5.0
26.8,99.12,1.87,5.0
26.9,99.02,1.83,5.0
26.9,99.02,1.83,5.0
27.1,99.02,1.87,5.0
27.1,99.12,1.83,5.0
27.2,99.02,1.85,5.0
27.2,99.12,1.84,5.0
27.4,99.12,1.81,5.0
27.4,99.12,1.83,5.0
27.5,99.02,1.84,5.0
27.5,99.12,1.83,5.0
27.6,99.12,1.87,5.0
27.6,99.12,1.86,5.0
27.7,99.02,1.84,5.0
27.7,99.12,1.86,5.0
27.9,99.02,1.86,5.0
27.9,99.12,1.83,5.0
28.0,99.02,1.81,5.0
28.0,98.04,1.82,5.0
28.1,99.12,1.84,5.0
28.1,99.12,1.86,5.0
28.3,99.12,1.85,5.0
28.3,99.12,1.83,5.0
28.4,99.02,1.81,5.0
28.4,99.12,1.86,5.0
28.5,99.12,1.83,5.0
28.5,99.12,1.83,5.0
28.6,98.04,1.85,5.0
28.6,97.95,1.86,5.0
28.7,98.14,1.87,5.0
28.7,99.02,1.87,5.0
28.7,99.02,1.84,5.0
28.7,99.12,1.82,5.0
28.7,97.85,1.84,4.8
28.7,99.12,1.83,5.0
28.9,95.89,1.86,2.94
28.9,94.72,1.85,2.56
29.0,95.41,1.84,2.76
29.0,95.41,1.87,2.68
28.9,95.5,1.86,2.64
28.9,95.6,1.85,2.82
28.9,95.7,1.86,2.83
28.9,95.89,1.86,2.92
28.9,95.89,1.84,2.98
28.9,95.89,1.86,3.02
28.8,95.89,1.84,3.04
28.8,95.99,1.87,3.09
28.8,95.99,1.82,3.18
28.8,95.99,1.87,3.17
28.8,95.99,1.87,3.16
28.8,95.99,1.83,3.25
28.8,96.19,1.87,3.3
28.8,96.09,1.85,3.21
28.7,95.89,1.85,3.03
28.7,96.09,1.84,3.23
28.7,96.09,1.86,3.34
28.7,95.6,1.86,2.93
28.7,95.6,1.85,2.95
28.7,95.7,1.85,2.98
28.6,95.8,1.87,2.98
28.6,95.7,1.84,3.0
28.6,95.8,1.87,3.04
28.6,95.89,1.82,3.09
28.6,95.8,1.86,2.99
28.6,95.7,1.83,2.93
28.5,95.8,1.85,2.98
28.5,95.89,1.86,3.0
28.5,95.99,1.85,3.08
28.5,95.99,1.87,3.08
28.5,95.89,1.83,3.0
28.5,95.89,1.87,2.97
28.5,95.8,1.85,2.93
28.5,95.7,1.86,2.9
28.5,95.7,1.85,2.92
28.5,95.8,1.83,2.84
28.4,95.7,1.85,2.85
28.4,95.89,1.87,3.02
28.4,96.19,1.85,3.18
28.4,96.19,1.85,3.28
28.4,96.38,1.87,3.41
28.4,96.29,1.85,3.3
28.3,96.29,1.85,3.24
28.3,96.19,1.87,3.17
28.3,96.09,1.86,3.08
28.3,96.09,1.86,3.14
28.3,95.99,1.84,3.13
28.3,96.09,1.87,3.07
28.2,96.09,1.87,3.05
28.2,96.19,1.87,3.13
28.2,96.38,1.86,3.23
28.2,97.26,1.85,4.11
28.2,97.75,1.83,5.0
28.2,99.12,1.85,5.0
28.1,97.65,1.82,5.0
28.1,97.85,1.87,5.0
28.2,97.65,1.85,5.0
28.2,97.95,1.87,5.0
28.1,97.36,1.85,5.0
28.1,97.65,1.84,5.0
28.2,99.02,1.87,5.0
28.2,99.02,1.83,5.0
28.1,99.12,1.84,5.0
28.1,99.12,1.84,5.0
28.2,99.12,1.86,5.0
28.2,99.12,1.86,5.0
28.3,99.12,1.86,5.0
28.3,99.12,1.83,5.0
28.4,99.02,1.87,5.0
28.4,97.95,1.86,5.0
28.4,99.12,1.82,5.0
28.4,99.12,1.8,5.0
28.5,99.02,1.85,5.0
28.5,99.12,1.84,5.0
28.6,98.04,1.87,5.0
28.6,99.12,1.84,5.0
28.7,99.02,1.82,5.0
28.7,99.02,1.84,5.0
28.8,98.92,1.83,5.0
28.8,98.83,1.87,5.0
28.9,98.83,1.85,5.0
28.9,98.83,1.87,5.0
29.0,98.83,1.81,5.0
29.0,98.83,1.86,5.0
29.1,98.83,1.85,5.0
29.1,99.02,1.86,5.0
29.1,99.02,1.84,5.0
29.1,99.02,1.83,5.0
29.2,99.02,1.86,5.0
29.2,99.02,1.85,5.0
29.3,99.02,1.85,5.0
29.3,99.02,1.86,5.0
29.4,99.02,1.84,5.0
29.4,99.02,1.86,5.0
29.5,99.02,1.84,5.0
29.5,99.02,1.87,5.0
29.6,99.02,1.84,5.0
29.6,99.12,1.85,5.0
29.7,99.02,1.87,5.0
29.7,99.12,1.86,5.0
29.8,99.02,1.86,5.0
29.8,99.02,1.87,5.0
29.9,99.02,1.84,5.0
29.9,99.02,1.84,5.0
30.0,99.02,1.82,5.0
30.0,99.02,1.85,5.0
30.1,99.02,1.86,5.0
30.1,99.02,1.85,5.0
30.2,99.02,1.86,5.0
30.2,99.02,1.85,5.0
30.3,99.02,1.85,5.0
30.3,99.02,1.83,5.0
30.4,99.02,1.83,5.0
30.4,99.02,1.84,5.0
30.5,99.02,1.86,5.0
30.5,99.02,1.85,5.0
30.7,99.02,1.85,5.0
30.7,99.02,1.83,5.0
30.7,99.02,1.85,5.0
30.7,99.02,1.85,5.0
30.8,99.02,1.85,5.0
30.8,99.12,1.85,5.0
30.9,99.02,1.82,5.0
30.9,99.02,1.86,5.0
31.0,99.02,1.86,5.0
31.0,99.02,1.87,5.0
31.1,99.02,1.87,5.0
31.1,99.02,1.87,5.0
31.3,99.02,1.86,5.0
31.3,99.02,1.84,5.0
31.4,99.02,1.86,5.0
31.4,99.12,1.86,5.0
31.5,99.02,1.86,5.0
31.5,99.02,1.85,5.0
31.6,99.02,1.84,5.0
31.6,99.02,1.83,5.0
31.7,99.02,1.85,5.0
31.7,99.12,1.86,5.0
31.8,99.02,1.85,5.0
31.8,99.12,1.81,5.0
31.9,99.02,1.84,5.0
31.9,99.02,1.84,5.0
32.0,99.02,1.86,5.0
32.0,99.12,1.85,5.0
32.1,99.02,1.81,5.0
32.1,99.12,1.86,5.0
32.2,99.02,1.86,5.0
32.2,99.02,1.85,5.0
32.2,99.12,1.84,5.0
32.2,99.02,1.86,5.0
32.3,99.02,1.85,5.0
32.3,99.12,1.82,5.0
32.4,99.12,1.86,5.0
32.4,99.02,1.85,5.0
32.5,99.02,1.84,5.0
32.5,99.12,1.86,5.0
32.6,99.02,1.85,5.0
32.6,98.92,1.83,5.0
32.7,96.97,1.81,3.08
32.7,94.72,1.83,1.84
32.9,89.25,1.87,0.96
32.9,79.77,1.88,0.47
32.8,70.38,1.88,0.26
32.8,66.37,1.89,0.2
32.7,62.37,1.89,0.14
32.7,62.17,1.89,0.13
32.7,64.22,1.89,0.14
32.7,63.34,1.89,0.13
32.6,52.49,2.1,0.08
32.6,46.82,2.3,0.06
32.5,45.16,2.33,0.06
32.5,47.02,1.92,0.06
32.4,46.63,1.9,0.06
32.4,46.63,1.9,0.06
32.3,47.31,2.01,0.06
32.3,44.67,1.92,0.05
32.3,44.09,1.91,0.05
32.3,43.11,1.93,0.05
32.1,43.4,1.91,0.05
32.1,43.99,1.91,0.04
32.1,45.06,1.93,0.04
32.1,44.57,1.9,0.05
32.0,44.57,1.9,0.06
32.0,44.18,1.91,0.06
31.9,44.18,1.9,0.06
31.9,44.18,1.9,0.06
31.9,46.92,1.9,0.06
31.9,49.27,1.91,0.06
31.8,49.36,1.9,0.07
31.8,50.15,1.91,0.07
31.7,48.19,1.91,0.07
31.7,49.56,1.9,0.07
31.6,50.15,1.91,0.07
31.6,48.97,1.91,0.07
31.6,48.48,1.91,0.07
31.6,52.39,1.9,0.08
31.5,50.24,1.92,0.08
31.5,49.07,1.92,0.07
31.4,49.56,1.9,0.07
31.4,50.54,1.92,0.07
31.4,53.96,1.9,0.09
31.4,54.84,1.9,0.09
31.3,54.84,1.91,0.09
31.3,54.55,1.91,0.09
31.2,54.64,1.9,0.09
31.2,49.85,1.91,0.07
31.1,48.88,1.9,0.07
31.1,51.52,1.9,0.08
31.1,54.55,1.9,0.1
31.1,55.23,1.9,0.1
31.0,55.43,1.9,0.1
31.0,55.72,1.9,0.1
31.0,55.82,1.9,0.1
31.0,56.01,1.9,0.1
30.9,92.28,1.84,0.33
30.9,92.28,1.84,0.36
30.8,92.18,1.82,0.37
30.8,92.18,1.86,0.28
30.8,92.08,1.84,0.27
30.8,92.18,1.87,0.37
30.7,92.18,1.87,0.39
30.7,92.08,1.87,0.38
30.6,92.18,1.86,0.38
30.6,92.18,1.86,0.39
30.6,92.18,1.86,0.33
30.6,92.18,1.87,0.4
30.5,92.08,1.87,0.29
30.5,92.18,1.85,0.4
30.4,92.18,1.83,0.39
30.4,92.08,1.87,0.38
30.4,92.08,1.86,0.33
30.4,92.18,1.83,0.37
30.3,92.08,1.82,0.4
30.3,92.08,1.87,0.38
30.2,92.08,1.86,0.3
30.2,92.08,1.82,0.29
30.2,92.08,1.84,0.4
30.2,92.08,1.82,0.34
30.2,92.08,1.88,0.37
30.2,92.08,1.85,0.3
30.1,91.98,1.87,0.39
30.1,92.08,1.82,0.36
30.1,91.98,1.86,0.3
30.1,91.98,1.86,0.31
30.0,91.98,1.86,0.3
30.0,92.08,1.82,0.3
29.9,91.98,1.85,0.35
29.9,92.08,1.83,0.3
29.9,92.08,1.87,0.34
29.9,92.08,1.87,0.36
29.8,91.98,1.86,0.3
29.8,92.08,1.88,0.34
29.8,91.98,1.86,0.38
29.8,91.98,1.86,0.32
29.7,91.98,1.82,0.29
29.7,91.98,1.87,0.29
29.7,92.08,1.87,0.37
29.7,91.98,1.86,0.34
29.6,91.98,1.85,0.32
29.6,91.98,1.82,0.3
29.6,91.98,1.86,0.36
29.6,91.98,1.84,0.38
29.6,91.98,1.83,0.38
29.6,92.08,1.87,0.38
29.5,91.98,1.86,0.38
29.5,91.98,1.87,0.35
29.5,91.98,1.85,0.31
29.5,91.98,1.85,0.36
29.4,91.98,1.83,0.37
29.4,91.98,1.84,0.34
29.4,91.98,1.87,0.37
29.4,91.89,1.83,0.37
29.4,91.89,1.85,0.28
29.4,91.89,1.87,0.29
29.3,91.98,1.87,0.36
29.3,91.98,1.86,0.29
29.3,91.89,1.87,0.35
29.3,91.98,1.83,0.29
29.2,91.89,1.83,0.28
29.2,91.98,1.87,0.35
29.2,91.98,1.86,0.3
29.2,91.89,1.85,0.36
29.2,91.89,1.86,0.3
29.2,91.89,1.87,0.37
29.2,91.79,1.85,0.38
29.2,91.89,1.87,0.28
29.1,91.89,1.84,0.31
29.1,91.98,1.82,0.32
29.1,91.89,1.85,0.35
29.1,91.89,1.86,0.35
29.0,91.89,1.85,0.38
29.0,91.89,1.86,0.34
29.0,91.89,1.82,0.28
29.0,91.89,1.86,0.34
29.0,91.79,1.87,0.34
29.0,91.98,1.83,0.31
29.0,91.79,1.86,0.32
29.0,91.89,1.83,0.36
28.9,91.89,1.84,0.36
28.9,91.98,1.82,0.29
28.9,91.89,1.86,0.28
28.9,91.79,1.83,0.35
28.9,91.89,1.85,0.28
28.9,91.98,1.83,0.37
28.8,91.89,1.83,0.3
28.8,91.89,1.86,0.37
28.8,91.89,1.87,0.33
28.8,91.89,1.87,0.3
28.8,91.89,1.86,0.28
28.8,91.89,1.87,0.34
28.8,91.89,1.84,0.37
28.8,91.89,1.86,0.36
28.7,91.89,1.83,0.34
28.7,91.89,1.84,0.34
28.7,91.89,1.85,0.31
28.7,91.89,1.86,0.32
28.7,91.89,1.85,0.3
28.7,91.89,1.85,0.37
28.7,91.79,1.87,0.3
28.7,91.89,1.86,0.3
28.6,91.79,1.87,0.29
28.6,91.89,1.88,0.36
28.6,91.89,1.86,0.35
28.6,91.89,1.84,0.29
28.6,91.79,1.83,0.32
28.6,91.89,1.86,0.37
28.5,91.89,1.86,0.29
28.5,91.89,1.87,0.36
28.5,91.89,1.87,0.28
28.5,91.89,1.86,0.33
28.4,91.89,1.86,0.37
28.4,91.79,1.85,0.27
28.4,91.79,1.87,0.32
28.4,91.79,1.85,0.31
28.4,91.79,1.86,0.35
28.4,91.79,1.87,0.28
28.4,91.79,1.86,0.3
28.4,91.79,1.87,0.33
28.4,91.79,1.87,0.29
28.4,91.79,1.82,0.28
28.3,91.79,1.84,0.34
28.3,91.79,1.83,0.35
28.3,91.69,1.84,0.28
28.3,91.79,1.83,0.31
28.3,91.79,1.85,0.26
28.3,91.79,1.86,0.27
28.2,91.79,1.86,0.33
28.2,91.79,1.85,0.31
28.2,91.79,1.86,0.34
28.2,91.79,1.86,0.28
28.2,91.69,1.86,0.32
28.2,91.79,1.86,0.31
28.2,91.79,1.85,0.36
28.2,91.79,1.87,0.29
28.1,91.69,1.83,0.35
28.1,91.79,1.86,0.35
28.1,91.79,1.84,0.33
28.1,91.89,1.86,0.36
28.1,91.79,1.87,0.35
28.1,91.89,1.84,0.29
28.1,91.79,1.87,0.28
28.1,91.89,1.87,0.37
28.1,91.79,1.85,0.36
28.1,91.79,1.85,0.29
28.0,91.79,1.87,0.28
28.0,91.89,1.87,0.27
28.0,91.79,1.86,0.36
28.0,91.89,1.85,0.35
28.0,91.79,1.86,0.37
28.0,91.79,1.87,0.35
27.9,91.89,1.83,0.29
27.9,91.89,1.87,0.35
27.9,91.79,1.87,0.36
27.9,91.79,1.86,0.36
27.9,91.79,1.87,0.34
27.9,91.79,1.83,0.26
27.9,91.69,1.85,0.34
27.9,91.79,1.87,0.34
27.8,91.79,1.85,0.32
27.8,91.79,1.86,0.33
27.8,91.79,1.87,0.34
27.8,91.79,1.84,0.25
27.8,91.79,1.87,0.28
27.8,91.79,1.87,0.3
27.8,91.69,1.86,0.36
27.8,91.1,1.87,0.26
27.8,89.93,1.88,0.27
27.8,89.83,1.85,0.22
27.8,89.74,1.87,0.16
27.8,89.74,1.87,0.16
27.7,89.44,1.32,0.19
27.7,91.69,1.14,0.22
27.7,91.69,1.13,0.34
27.7,91.69,1.14,0.26
27.7,91.69,1.15,0.32
27.7,91.69,1.14,0.29
27.7,90.22,1.14,0.23
27.7,89.83,1.15,0.26
27.6,89.74,1.15,0.2
27.6,89.54,1.15,0.24
27.6,89.44,1.14,0.26
27.6,89.44,0.63,0.25
27.6,89.44,0.4,0.25
27.6,89.44,0.42,0.19
27.6,89.64,0.41,0.2
27.6,89.83,0.48,0.22
27.6,89.64,0.48,0.26
27.6,88.95,0.48,0.23
27.6,89.44,0.48,0.26
27.6,89.25,0.72,0.24
27.5,89.25,2.09,0.23
27.5,89.35,2.97,0.3
27.5,89.64,3.34,0.3
27.5,89.44,3.58,0.27
27.5,89.93,3.61,0.25
27.5,91.79,3.58,0.34
27.5,91.79,3.6,0.25
27.5,91.69,3.59,0.32
27.5,91.79,3.61,0.26
27.5,91.69,3.56,0.33
27.5,91.79,3.61,0.28
27.5,91.79,3.6,0.31
27.4,91.69,3.6,0.26
27.4,91.79,3.6,0.3
27.4,91.69,3.61,0.33
27.4,91.69,3.59,0.29
27.4,91.69,3.57,0.26
27.4,90.03,3.61,0.28
27.4,89.35,3.54,0.23
27.4,89.25,3.58,0.25
27.4,89.25,3.82,0.23
27.4,89.35,5.0,0.21
27.4,89.15,5.0,0.28
27.4,89.25,5.0,0.27
27.3,89.64,5.0,0.22
27.3,91.69,5.0,0.27
27.3,91.69,5.0,0.26
27.3,91.69,5.0,0.34
27.3,91.79,5.0,0.35
27.3,91.69,5.0,0.27
27.3,91.79,5.0,0.29
27.3,91.79,5.0,0.33
27.3,91.69,5.0,0.28
27.3,89.64,5.0,0.2
27.3,91.69,5.0,0.32
27.3,91.79,5.0,0.25
27.2,91.79,5.0,0.26
27.2,91.69,5.0,0.35
27.2,91.69,5.0,0.34
27.2,91.79,5.0,0.33
27.2,91.79,5.0,0.31
27.2,91.79,5.0,0.36
27.2,91.69,5.0,0.26
27.2,91.79,5.0,0.35
27.2,91.79,5.0,0.34
27.2,91.69,5.0,0.32
27.2,91.69,5.0,0.26
27.2,91.69,5.0,0.31
27.2,91.79,5.0,0.34
27.2,91.69,5.0,0.29
27.2,91.69,5.0,0.28
27.2,91.69,5.0,0.27
27.1,91.69,5.0,0.28
27.1,91.79,5.0,0.35
27.1,91.69,5.0,0.29
27.1,91.69,5.0,0.32
27.1,91.79,5.0,0.26
27.1,91.79,5.0,0.26
27.1,91.69,5.0,0.34
27.1,91.69,5.0,0.25
27.1,91.69,5.0,0.25
27.1,91.69,5.0,0.26
27.1,91.69,5.0,0.34
27.1,91.79,5.0,0.25
27.1,91.69,5.0,0.25
27.1,91.69,5.0,0.31
27.1,91.69,5.0,0.25
27.1,91.69,5.0,0.35
27.0,91.69,5.0,0.25
27.0,91.69,5.0,0.25
27.0,91.69,5.0,0.25
27.0,91.69,5.0,0.25
27.0,91.69,5.0,0.27
27.0,91.69,5.0,0.32
27.0,91.69,5.0,0.35
27.0,91.69,5.0,0.26
27.0,91.79,5.0,0.28
27.0,91.69,5.0,0.35
27.0,91.69,5.0,0.28
27.0,91.69,5.0,0.34
27.0,91.79,5.0,0.35
27.0,91.69,5.0,0.35
27.0,91.79,5.0,0.34
27.0,91.79,5.0,0.25
26.9,91.59,5.0,0.35
26.9,91.69,5.0,0.27
26.9,91.69,5.0,0.34
26.9,91.69,5.0,0.25
26.9,91.69,5.0,0.32
26.9,91.69,5.0,0.34
26.9,91.69,5.0,0.31
26.9,91.69,5.0,0.26
26.9,91.79,5.0,0.33
26.9,91.69,5.0,0.3
26.9,91.69,5.0,0.33
26.9,91.69,5.0,0.31
26.9,91.69,5.0,0.25
26.9,91.69,5.0,0.3
26.9,91.69,5.0,0.32
26.9,91.69,5.0,0.29
26.9,91.69,5.0,0.31
26.9,91.69,5.0,0.3
26.9,91.69,5.0,0.3
26.9,91.69,5.0,0.34
26.8,91.79,5.0,0.29
26.8,91.69,5.0,0.29
26.9,91.69,5.0,0.3
26.9,91.69,5.0,0.33
26.8,91.69,5.0,0.31
26.8,91.69,5.0,0.33
26.8,91.69,5.0,0.27
26.8,91.79,5.0,0.36
26.8,91.69,5.0,0.36
26.8,91.79,5.0,0.31
26.8,91.69,5.0,0.29
26.8,91.69,5.0,0.27
26.8,91.59,5.0,0.26
26.8,89.83,5.0,0.21
26.8,88.95,5.0,0.24
26.8,88.95,5.0,0.21
26.8,88.95,5.0,0.25
26.8,88.86,5.0,0.27
26.8,88.86,4.91,0.26
26.8,89.05,3.91,0.23
26.8,88.95,3.92,0.29
26.8,88.95,3.89,0.21
26.7,89.05,3.91,0.22
26.7,91.59,3.88,0.33
26.7,91.69,3.92,0.28
26.7,91.69,3.91,0.27
26.7,91.69,3.87,0.28
26.7,91.69,3.91,0.25
26.7,91.69,3.92,0.25
26.7,91.69,3.88,0.3
26.7,91.59,3.91,0.25
26.7,91.69,3.87,0.32
26.7,91.69,3.92,0.31
26.7,91.69,3.87,0.29
26.7,91.69,3.88,0.34
26.7,91.69,3.92,0.27
26.7,91.69,3.92,0.25
26.7,91.69,3.86,0.25
26.7,91.69,3.92,0.27
26.7,91.69,3.92,0.34
26.7,91.69,3.87,0.26
26.7,91.69,3.92,0.29
26.7,91.69,3.93,0.31
26.7,91.69,3.91,0.26
26.6,91.69,3.88,0.25
26.6,91.69,3.87,0.32
26.6,91.69,3.92,0.27
26.6,91.69,3.88,0.29
26.6,91.59,3.9,0.28
26.6,91.5,3.87,0.26
26.6,90.62,3.88,0.22
26.6,90.62,3.91,0.22
26.6,90.42,3.9,0.24
26.6,90.52,3.87,0.3
26.6,90.91,3.27,0.21
26.6,90.32,2.7,0.21
26.6,90.13,2.0,0.28
26.6,90.03,0.98,0.27
26.6,89.83,0.63,0.25
26.6,89.64,0.36,0.21
26.6,89.93,0.25,0.26
26.6,91.59,0.25,0.33
26.6,91.69,0.25,0.33
26.6,91.59,0.25,0.29
26.5,91.59,0.25,0.27
26.5,91.59,0.25,0.3
26.5,91.5,0.25,0.29
26.5,90.13,0.25,0.27
26.5,90.03,2.01,0.27
26.5,91.2,2.27,0.29
26.5,91.59,2.42,0.33
26.5,91.69,2.35,0.27
26.5,91.59,2.31,0.35
26.5,91.69,2.44,0.33
26.5,91.69,2.36,0.31
26.5,91.69,2.35,0.28
26.5,91.69,2.39,0.27
26.5,91.69,2.43,0.25
26.5,91.69,2.4,0.32
26.5,91.69,2.32,0.25
26.5,91.69,2.43,0.26
26.5,91.69,2.43,0.27
26.5,91.59,2.43,0.33
26.5,49.17,2.68,0.07
26.5,48.09,2.69,0.07
26.5,46.43,2.71,0.06
26.5,48.58,2.7,0.07
26.5,50.24,2.67,0.07
26.4,50.73,2.69,0.08
26.4,50.54,2.69,0.08
26.4,50.54,2.67,0.07
26.4,50.73,2.67,0.08
26.4,50.34,2.69,0.07
26.4,50.34,2.69,0.07
26.4,47.7,2.7,0.07
26.4,49.07,2.69,0.07
26.4,50.34,2.69,0.08
26.4,50.05,2.67,0.07
26.4,50.44,2.68,0.07
26.4,49.56,2.7,0.07
26.4,48.78,2.7,0.07
26.4,48.39,2.7,0.07
26.4,43.21,2.73,0.05
26.4,42.33,2.74,0.05
26.4,43.21,2.73,0.05
26.4,43.6,2.72,0.05
26.4,43.3,2.73,0.05
26.4,43.11,2.73,0.05
26.4,43.7,2.73,0.05
26.4,41.64,2.73,0.05
26.4,41.54,2.72,0.02
26.4,39.1,2.72,0.02
26.4,39.3,2.72,0.03
26.4,40.08,2.72,0.04
26.4,40.27,2.73,0.03
26.4,44.09,2.72,0.04
26.4,58.06,2.68,0.08
26.4,62.66,2.68,0.11
26.4,63.25,2.7,0.12
26.4,64.22,2.69,0.13
26.3,63.93,2.7,0.13
26.3,64.13,2.69,0.14
26.3,62.85,2.69,0.14
26.3,63.64,2.69,0.16
26.3,64.22,2.7,0.19
26.3,68.43,2.68,0.22
26.3,71.55,2.69,0.25
26.3,80.84,2.68,0.53
26.3,89.74,2.66,1.29
26.3,94.92,2.63,2.09
26.3,96.97,2.63,3.73
26.3,97.36,2.64,4.51
26.4,98.44,2.59,5.0
26.4,97.65,2.67,4.98
26.4,98.83,2.66,5.0
26.4,97.75,2.59,5.0
26.4,98.83,2.65,5.0
26.4,98.44,2.65,5.0
26.4,97.75,2.61,5.0
26.4,98.73,2.65,5.0
26.5,98.73,2.63,5.0
26.5,98.83,2.62,5.0
26.5,98.73,2.6,5.0
26.5,98.83,2.64,5.0
26.6,98.83,2.61,5.0
26.6,99.12,2.63,5.0
26.6,98.83,2.65,5.0
26.6,98.83,2.67,5.0
26.7,98.83,2.64,5.0
26.7,98.73,2.67,5.0
26.8,98.73,2.65,5.0
26.8,98.73,2.57,5.0
26.9,98.73,2.66,5.0
26.9,98.73,2.64,5.0
26.9,98.73,2.67,5.0
26.9,98.83,2.67,5.0
27.0,98.83,2.57,5.0
27.0,98.73,2.63,5.0
27.1,98.73,2.66,5.0
27.1,98.83,2.65,5.0
27.2,98.83,2.62,5.0
27.2,98.83,2.65,5.0
27.3,98.83,2.63,5.0
27.3,98.83,2.67,5.0
27.3,98.73,2.64,5.0
27.3,98.83,2.61,5.0
27.4,98.83,2.64,5.0
27.4,98.73,2.67,5.0
27.5,98.73,2.65,5.0
27.5,98.83,2.64,5.0
27.6,98.73,2.68,5.0
27.6,98.73,2.61,5.0
27.6,98.73,2.65,5.0
27.6,98.73,2.59,5.0
27.7,98.83,2.65,5.0
27.7,98.73,2.66,5.0
27.8,98.73,2.62,5.0
27.8,98.83,2.61,5.0
27.9,98.83,2.68,5.0
27.9,98.92,2.57,5.0
28.0,99.02,2.62,5.0
28.0,99.02,2.6,5.0
28.0,99.02,2.65,5.0
28.0,99.02,2.66,5.0
28.1,99.02,2.67,5.0
28.1,99.02,2.64,5.0
28.2,99.02,2.66,5.0
28.2,98.92,2.63,5.0
28.3,99.02,2.65,5.0
28.3,99.02,2.65,5.0
28.3,99.02,3.2,5.0
28.3,99.02,3.48,5.0
28.5,99.02,4.03,5.0
28.5,99.02,4.18,5.0
28.6,98.92,4.16,5.0
28.6,99.02,4.16,5.0
28.6,99.02,4.17,5.0
28.6,99.02,4.15,5.0
28.7,99.02,4.17,5.0
28.7,99.02,4.18,5.0
28.8,99.02,4.15,5.0
28.8,99.02,4.19,5.0
28.9,99.02,4.19,5.0
28.9,98.92,4.19,5.0
29.0,99.02,4.16,5.0
29.0,99.02,4.19,5.0
29.1,99.02,4.17,5.0
29.1,99.02,4.19,5.0
29.2,99.02,4.17,5.0
29.2,99.02,4.16,5.0
29.3,98.92,4.19,5.0
29.3,99.02,4.19,5.0
29.3,99.02,4.19,5.0
29.3,99.02,4.19,5.0
29.4,99.02,4.19,5.0
29.4,99.02,4.19,5.0
29.5,99.02,4.15,5.0
29.5,99.02,4.19,5.0
29.6,99.02,4.19,5.0
29.6,99.02,4.2,5.0
29.7,99.02,4.19,5.0
29.7,99.02,4.18,5.0
29.7,99.02,4.19,5.0
29.7,99.02,4.18,5.0
29.8,99.02,4.16,5.0
29.8,99.02,4.19,5.0
29.9,99.02,4.16,5.0
29.9,98.92,4.19,5.0
30.0,98.92,4.19,5.0
30.0,99.02,4.19,5.0
30.1,99.02,4.19,5.0
30.1,99.02,4.18,5.0
30.1,99.02,4.19,5.0
30.1,99.02,4.2,5.0
30.2,99.02,4.16,5.0
30.2,99.02,4.19,5.0
30.3,99.02,4.19,5.0
30.3,99.02,4.19,5.0
30.4,99.02,4.18,5.0
30.4,99.02,4.19,5.0
30.5,99.02,4.16,5.0
30.5,99.02,4.15,5.0
30.6,99.02,4.19,5.0
30.6,99.02,4.19,5.0
30.6,99.02,4.19,5.0
30.6,99.02,4.19,5.0
30.7,99.02,4.19,5.0
30.7,99.02,4.18,5.0
30.8,99.02,4.16,5.0
30.8,99.02,4.19,5.0
30.8,99.02,4.16,5.0
30.8,99.02,4.19,5.0
30.9,99.02,4.15,5.0
30.9,99.02,4.18,5.0
31.0,99.02,4.2,5.0
31.0,99.02,4.19,5.0
31.0,99.02,4.19,5.0
31.0,99.02,4.15,5.0
31.1,99.02,4.17,5.0
31.1,99.02,4.17,5.0
31.1,99.02,4.2,5.0
31.1,99.02,5.0,5.0
31.2,98.92,5.0,5.0
31.2,99.02,5.0,5.0
31.2,99.02,5.0,5.0
31.2,99.02,5.0,5.0
31.3,99.02,5.0,5.0
31.3,99.02,5.0,5.0
31.4,99.02,5.0,5.0
31.4,99.02,5.0,5.0
31.4,99.02,5.0,5.0
31.4,99.02,5.0,5.0
31.5,99.02,5.0,5.0
31.5,99.02,5.0,5.0
31.6,99.02,5.0,4.08
31.6,99.02,5.0,4.02
31.6,99.02,5.0,5.0
31.6,99.02,5.0,5.0
31.7,99.02,5.0,5.0
31.7,99.02,5.0,5.0
31.8,99.02,5.0,5.0
31.8,99.02,5.0,5.0
31.9,99.02,4.84,5.0
31.9,99.02,3.78,5.0
31.9,99.02,3.17,5.0
31.9,99.02,2.46,5.0
32.0,98.92,1.78,5.0
32.0,99.02,1.77,5.0
32.1,99.02,1.38,5.0
32.1,99.02,1.03,5.0
32.1,99.02,1.03,5.0
32.1,99.02,1.03,5.0
32.2,99.02,1.04,5.0
32.2,99.02,1.02,5.0
32.3,99.02,1.03,5.0
32.3,99.02,1.04,5.0
32.3,99.02,1.03,5.0
32.3,99.02,1.03,5.0
32.4,99.02,1.04,5.0
32.4,99.02,1.04,5.0
32.5,99.02,1.04,5.0
32.5,99.02,1.04,5.0
32.6,99.02,1.02,5.0
32.6,99.02,1.04,5.0
32.6,99.02,1.02,5.0
32.6,99.02,1.04,5.0
32.7,99.02,1.02,5.0
32.7,99.02,1.04,5.0
32.7,99.02,1.04,5.0
32.7,99.02,1.02,5.0
32.8,99.02,1.04,5.0
32.8,99.02,1.03,5.0
32.9,99.02,1.04,5.0
32.9,99.02,1.04,5.0
32.9,99.02,1.04,5.0
32.9,99.02,1.02,5.0
33.0,99.02,1.04,5.0
33.0,99.02,1.03,5.0
33.0,99.02,1.04,5.0
33.0,99.02,1.04,5.0
33.1,99.02,1.03,5.0
33.1,99.02,1.02,5.0
33.1,99.02,1.03,5.0
33.1,99.02,1.04,5.0
33.2,99.02,1.03,5.0
33.2,99.02,1.04,5.0
33.3,99.02,1.03,5.0
33.3,99.02,1.04,5.0
33.3,99.02,1.04,5.0
33.3,99.02,1.04,5.0
33.4,99.02,1.04,5.0
33.4,99.02,1.04,5.0
33.5,99.02,1.04,5.0
33.5,99.02,1.03,5.0
33.6,99.02,1.04,5.0
33.6,99.02,1.04,5.0
33.6,98.92,1.04,5.0
33.6,99.02,1.04,5.0
33.7,99.02,1.03,5.0
33.7,99.02,1.02,5.0
33.7,99.02,1.03,5.0
33.7,99.02,1.02,5.0
33.8,99.02,1.03,5.0
33.8,99.02,1.03,5.0
33.8,99.02,1.02,5.0
33.8,99.02,1.03,5.0
33.8,99.02,1.04,5.0
33.8,99.02,1.04,5.0
33.9,99.02,1.04,5.0
33.9,99.02,1.02,5.0
33.9,99.02,1.04,5.0
33.9,99.02,1.03,5.0
34.0,99.02,1.02,5.0
34.0,99.02,1.03,5.0
34.0,99.02,1.04,5.0
34.0,99.02,1.03,5.0
34.1,99.02,1.04,5.0
34.1,99.02,1.04,5.0
34.1,99.02,1.04,5.0
34.1,97.56,1.04,5.0
34.1,97.56,1.03,5.0
34.1,97.56,1.04,5.0
34.3,99.02,1.04,5.0
34.3,99.02,1.04,5.0
34.1,99.02,1.04,5.0
34.1,99.02,1.04,5.0
34.1,99.02,1.04,5.0
34.1,99.02,1.02,5.0
34.2,99.02,1.04,5.0
34.2,99.02,1.04,5.0
34.2,99.02,1.04,5.0
34.2,99.02,1.02,5.0
34.2,99.02,1.02,5.0
34.2,99.02,1.04,5.0
34.2,99.02,1.03,5.0
34.2,99.02,1.03,5.0
34.2,99.02,1.04,5.0
34.2,99.02,1.03,5.0
34.2,99.02,1.04,5.0
34.2,99.02,1.04,5.0
34.2,99.02,1.04,5.0
34.2,99.02,1.04,5.0
34.2,98.92,1.04,5.0
34.2,99.02,1.03,5.0
34.2,99.02,1.03,5.0
34.2,99.02,1.04,5.0
34.2,99.02,1.04,5.0
34.2,99.02,1.03,5.0
34.3,99.02,1.04,5.0
34.3,99.02,1.02,5.0
34.3,99.02,1.04,5.0
34.3,97.75,1.03,4.59
34.3,97.65,1.04,4.56
34.3,99.02,1.02,5.0
34.5,99.02,1.04,5.0
34.5,99.02,1.04,5.0
34.3,99.02,1.04,5.0
34.3,99.02,1.04,5.0
34.4,99.02,1.04,5.0
34.4,99.12,1.04,3.09
34.4,99.02,1.03,3.02
34.4,99.12,1.04,2.95
34.4,99.12,1.04,2.92
34.4,99.12,1.04,2.79
34.4,97.46,1.04,2.38
34.4,97.46,1.04,2.42
34.6,97.36,1.04,2.32
34.6,97.36,1.03,2.39
34.5,97.36,1.04,2.53
34.5,97.36,1.04,2.39
34.5,97.36,1.04,2.14
34.5,97.36,1.03,1.61
34.4,97.36,1.04,1.73
34.4,97.46,1.04,1.79
34.4,97.36,1.03,1.83
34.4,97.36,1.04,1.79
34.3,97.26,1.04,1.87
34.3,97.36,1.04,1.86
34.3,97.46,1.04,2.06
34.3,99.02,1.04,2.38
34.2,99.02,1.04,2.61
34.2,99.12,1.04,2.04
34.0,98.92,1.03,5.0
34.0,99.02,1.03,5.0
34.1,99.02,1.03,5.0
34.1,99.02,1.02,5.0
34.1,99.02,1.04,5.0
34.1,99.02,1.04,5.0
34.1,98.92,1.03,5.0
34.1,99.02,1.03,5.0
34.2,99.02,1.04,5.0
34.2,99.02,1.02,5.0
34.2,99.02,1.03,5.0
34.2,99.02,1.04,5.0
34.2,97.26,1.04,5.0
34.2,97.26,1.04,5.0
34.4,97.46,1.03,5.0
34.4,99.02,1.03,5.0
34.2,99.02,1.02,5.0
34.2,99.02,1.04,5.0
34.2,99.02,1.04,5.0
34.2,99.02,1.04,5.0
34.2,99.02,1.02,5.0
34.2,99.02,1.03,5.0
34.2,99.02,1.03,5.0
34.2,99.02,1.04,5.0
34.2,99.02,1.03,5.0
34.2,99.02,1.02,5.0
34.3,99.02,1.02,5.0
34.3,99.02,1.04,5.0
34.3,99.02,1.04,5.0
34.3,99.02,1.03,5.0
34.3,99.02,1.02,5.0
34.3,99.02,1.03,5.0
34.3,99.02,1.03,5.0
34.3,98.92,1.04,5.0
34.3,99.02,1.04,5.0
34.3,99.02,1.02,5.0
34.4,99.02,1.02,5.0
34.4,99.02,1.04,5.0
34.4,99.02,1.04,5.0
34.4,99.02,1.04,5.0
34.4,99.02,1.04,5.0
34.4,99.02,1.02,5.0
34.4,99.02,1.04,5.0
34.4,99.02,1.03,5.0
34.5,99.02,1.04,5.0
34.5,99.02,1.02,5.0
34.5,99.02,1.04,5.0
34.5,99.02,1.04,5.0
34.5,99.02,1.04,5.0
34.5,99.02,1.04,5.0
34.5,98.92,1.02,5.0
34.5,99.02,1.04,5.0
34.5,99.02,1.04,5.0
34.5,99.02,1.04,5.0
34.6,99.02,1.03,5.0
34.6,99.02,1.02,5.0
34.6,99.02,1.04,5.0
34.6,99.02,1.02,5.0
34.6,99.02,1.04,5.0
34.6,99.02,1.04,5.0
34.6,99.02,1.03,5.0
34.6,99.02,1.04,5.0
34.6,99.02,1.03,5.0
34.6,99.02,1.04,5.0
34.7,99.02,1.04,5.0
34.7,99.02,1.02,5.0
34.7,99.02,1.04,5.0
34.7,99.02,1.02,5.0
34.7,98.92,1.03,5.0
34.7,99.02,1.02,5.0
34.8,99.02,1.04,5.0
34.8,99.02,1.04,5.0
34.8,99.02,1.03,5.0
34.8,99.02,1.03,5.0
34.8,99.02,1.04,5.0
34.8,99.02,1.03,5.0
34.9,99.02,1.04,5.0
34.9,99.02,1.03,5.0
34.8,99.02,1.02,5.0
34.8,99.02,1.04,5.0
34.8,99.02,1.04,5.0
34.8,99.02,1.03,5.0
34.9,99.02,1.04,5.0
34.9,99.02,1.03,5.0
34.9,99.02,1.03,5.0
34.9,99.02,1.02,5.0
34.9,99.02,1.03,5.0
34.9,99.02,1.03,5.0
34.9,99.02,1.04,5.0
34.9,99.02,1.03,5.0
35.0,99.02,1.03,5.0
35.0,99.02,1.04,5.0
35.0,99.02,1.03,5.0
35.0,99.02,1.04,5.0
35.0,99.02,1.03,5.0
35.0,99.02,1.04,5.0
35.1,99.02,1.03,5.0
35.1,99.02,1.04,5.0
35.1,99.02,1.04,5.0
35.1,99.02,1.03,5.0
35.1,99.02,1.02,5.0
35.1,98.92,1.04,5.0
35.1,99.02,1.04,5.0
35.1,99.02,1.03,5.0
35.2,99.02,1.02,5.0
35.2,99.02,1.04,5.0
35.2,99.02,1.03,5.0
35.2,99.02,1.03,5.0
35.3,99.02,1.04,5.0
35.3,99.02,1.04,5.0
35.3,99.02,1.04,5.0
35.3,99.02,1.04,5.0
35.3,99.02,1.04,5.0
35.3,99.02,1.04,5.0
35.4,99.02,1.04,5.0
35.4,99.02,1.04,5.0
35.4,99.02,1.03,5.0
35.4,99.02,1.02,5.0
35.4,98.92,1.03,5.0
35.4,99.02,1.03,5.0
35.4,99.02,1.04,5.0
35.4,98.92,1.02,5.0
35.4,99.02,1.04,5.0
35.4,99.02,1.03,5.0
35.5,99.02,1.04,5.0
35.5,99.02,1.02,5.0
35.5,99.02,1.02,5.0
35.5,99.02,1.04,5.0
35.5,99.02,1.04,5.0
35.5,99.02,1.04,5.0
35.5,98.92,1.04,5.0
35.5,99.02,1.04,5.0
35.5,99.02,1.03,5.0
35.5,99.02,1.04,5.0
35.5,98.92,1.04,5.0
35.5,99.02,1.04,5.0
35.6,99.02,1.04,5.0
35.6,99.02,1.02,5.0
35.6,99.02,1.04,5.0
35.6,99.02,1.02,5.0
35.6,99.02,1.04,5.0
35.6,99.02,1.03,5.0
35.6,99.02,1.04,5.0
35.6,98.92,1.03,5.0
35.6,99.02,1.03,5.0
35.6,99.02,1.04,5.0
35.6,99.02,1.02,5.0
35.6,99.02,1.04,5.0
35.6,99.02,1.04,5.0
35.6,99.02,1.03,5.0
35.7,99.02,1.03,5.0
35.7,99.02,1.04,5.0
35.6,99.02,1.04,5.0
35.6,99.02,1.03,5.0
35.6,99.02,1.02,5.0
35.6,99.02,1.03,5.0
35.6,99.02,1.03,5.0
35.6,99.02,1.04,5.0
35.6,98.92,1.03,5.0
35.6,99.02,1.04,5.0
35.6,99.02,1.02,5.0
35.6,99.02,1.03,5.0
35.6,99.02,1.03,5.0
35.6,99.02,1.03,5.0
35.6,99.02,1.04,5.0
35.6,99.02,1.04,5.0
35.7,99.02,1.03,5.0
35.7,99.02,1.03,5.0
35.6,99.02,1.02,5.0
35.6,99.02,1.04,5.0
35.7,99.02,1.03,5.0
35.7,99.02,1.04,5.0
35.7,98.92,1.04,5.0
35.7,99.02,1.03,5.0
35.7,99.02,1.03,5.0
35.7,98.92,1.03,5.0
35.8,99.02,1.04,5.0
35.8,99.02,1.04,5.0
35.8,99.02,1.03,5.0
35.8,99.02,1.03,5.0
35.8,99.02,1.02,5.0
35.8,99.02,1.03,5.0
35.8,99.02,1.04,5.0
35.8,99.02,1.02,5.0
35.9,99.02,1.03,5.0
35.9,99.02,1.04,5.0
35.9,99.02,1.04,5.0
35.9,99.02,1.04,5.0
36.0,99.02,1.04,5.0
36.0,99.02,1.04,5.0
36.0,99.02,1.04,5.0
36.0,99.02,1.03,5.0
36.0,98.92,1.03,5.0
36.0,99.02,1.04,5.0
36.1,99.02,1.04,5.0
36.1,98.92,1.02,5.0
36.1,98.92,1.04,5.0
36.1,99.02,1.03,5.0
36.1,99.02,1.04,5.0
36.1,99.02,1.04,5.0
36.2,99.02,1.04,5.0
36.2,99.02,1.04,5.0
36.2,99.02,1.04,5.0
36.2,99.02,1.03,5.0
36.3,99.02,1.03,5.0
36.3,99.02,1.03,5.0
36.3,99.02,1.04,5.0
36.3,99.02,1.04,5.0
36.3,99.02,1.04,5.0
36.3,99.02,1.03,5.0
36.4,98.92,1.03,5.0
36.4,99.02,1.03,5.0
36.4,99.02,1.04,5.0
36.4,99.02,1.04,5.0
36.5,99.02,1.04,5.0
36.5,99.02,1.03,5.0
36.5,99.02,1.04,5.0
36.5,99.02,1.04,5.0
36.6,99.02,1.04,5.0
36.6,99.02,1.04,5.0
36.6,99.02,1.02,5.0
36.6,98.92,1.04,5.0
36.6,98.92,1.04,5.0
36.6,99.02,1.02,5.0
36.7,99.02,1.04,5.0
36.7,99.02,1.02,5.0
36.7,99.02,1.03,5.0
36.7,99.02,1.02,5.0
36.7,99.02,1.04,5.0
36.7,99.02,1.04,5.0
36.8,99.02,1.04,5.0
36.8,99.02,1.04,5.0
36.8,99.02,1.04,5.0
36.8,99.02,1.04,5.0
36.8,99.02,1.04,5.0
36.8,99.02,1.04,5.0
36.8,99.02,1.04,5.0
36.8,98.92,1.04,5.0
36.8,99.02,1.03,5.0
36.8,99.02,1.04,5.0
36.8,98.92,1.04,5.0
36.8,99.02,1.03,5.0
36.8,98.92,1.04,5.0
36.8,99.02,1.03,5.0
36.7,99.02,1.03,5.0
36.7,99.02,1.04,5.0
36.7,99.02,1.04,5.0
36.7,99.02,1.03,5.0
36.7,99.02,1.04,5.0
36.7,99.02,1.03,5.0
36.6,99.02,1.03,5.0
36.6,99.02,1.02,5.0
36.6,99.02,1.04,5.0
36.6,99.02,1.02,5.0
36.6,99.02,1.04,5.0
36.6,99.02,1.04,5.0
36.5,99.02,1.03,5.0
36.5,99.02,1.04,5.0
36.5,99.02,1.04,5.0
36.5,99.02,1.04,5.0
36.5,98.92,1.03,5.0
36.5,99.02,1.04,5.0
36.5,99.02,1.04,5.0
36.5,99.02,1.04,5.0
36.4,99.02,1.04,5.0
36.4,99.02,1.04,5.0
36.4,98.92,1.04,5.0
36.4,99.02,1.04,5.0
36.4,99.02,1.04,5.0
36.4,99.02,1.03,5.0
36.3,99.02,1.03,5.0
36.3,98.92,1.03,5.0
36.3,98.92,1.03,5.0
36.3,99.02,1.04,5.0
36.2,99.02,1.03,5.0
36.2,99.02,1.03,5.0
36.2,99.02,1.03,5.0
36.2,99.02,1.04,5.0
36.2,99.02,1.03,5.0
36.2,98.92,1.03,5.0
36.1,99.02,1.04,5.0
36.1,98.92,1.04,5.0
36.1,99.02,1.04,5.0
36.1,99.02,1.03,5.0
36.1,99.02,1.04,5.0
36.1,99.02,1.03,5.0
36.1,99.02,1.04,5.0
36.1,99.02,1.04,5.0
36.0,99.02,1.03,5.0
36.0,99.02,1.03,5.0
36.0,99.02,1.03,5.0
36.0,99.02,1.03,5.0
36.0,99.02,1.03,5.0
36.0,98.92,1.03,5.0
36.0,98.92,1.04,5.0
36.0,99.02,1.03,5.0
36.0,99.02,1.04,5.0
36.0,99.02,1.04,5.0
35.9,98.92,1.03,5.0
35.9,99.02,1.04,5.0
35.9,99.02,1.04,5.0
35.9,99.02,1.04,5.0
35.9,99.02,1.04,5.0
35.9,98.83,1.03,5.0
35.9,98.53,1.03,5.0
35.9,98.73,0.68,4.91
36.0,98.83,1.03,4.75
36.0,98.83,1.04,4.87
35.9,98.73,1.04,4.76
35.9,98.92,1.04,4.65
35.8,99.02,1.03,4.61
35.8,98.92,1.04,4.59
35.9,99.02,1.03,5.0
35.9,99.12,1.03,3.23
35.9,96.68,1.03,0.43
35.9,92.08,1.03,0.32
36.0,90.32,1.04,0.33
36.0,88.27,1.04,0.3
35.9,79.96,1.04,0.14
35.9,70.58,1.04,0.11
35.8,55.72,1.04,0.03
35.8,50.24,1.06,0.03
35.7,47.9,1.06,0.01
35.7,50.34,1.05,0.01
35.6,38.51,1.05,0.01
35.6,34.02,1.05,0.01
35.6,32.55,1.06,0.01
35.6,34.7,1.08,0.02
35.5,41.06,1.07,0.05
35.5,42.42,1.05,0.05
35.4,45.16,1.07,0.06
35.4,47.12,1.05,0.06
35.3,48.0,1.05,0.07
35.3,45.75,1.07,0.06
35.3,45.36,1.06,0.06
35.3,46.92,1.05,0.07
35.2,48.58,1.06,0.07
35.2,48.58,1.05,0.07
35.1,46.92,1.05,0.07
35.1,46.82,1.05,0.07
35.1,46.82,1.07,0.07
35.1,46.92,1.06,0.07
35.0,47.21,1.07,0.07
35.0,46.73,1.06,0.07
34.9,46.63,1.07,0.07
34.9,46.63,1.05,0.07
34.9,46.53,1.05,0.06
34.9,46.43,1.06,0.06
34.8,46.43,1.05,0.06
34.8,46.43,1.07,0.06
34.7,45.65,1.05,0.06
34.7,43.11,1.06,0.05
34.7,43.6,1.05,0.05
34.7,43.6,1.04,0.06
34.6,45.06,1.05,0.06
34.6,45.65,1.05,0.06
34.6,44.57,1.07,0.06
34.6,42.23,1.06,0.05
34.5,39.69,1.05,0.05
34.5,40.18,1.07,0.05
34.4,42.52,1.05,0.05
34.4,41.54,1.05,0.05
34.3,41.45,1.05,0.05
34.3,41.54,1.06,0.05
34.3,39.1,1.06,0.05
34.3,39.3,1.08,0.05
34.2,44.67,1.05,0.06
34.2,45.85,1.05,0.06
34.2,44.87,1.05,0.06
34.2,45.45,1.05,0.06
34.1,45.55,1.05,0.06
34.1,46.53,1.05,0.07
34.1,46.82,1.05,0.07
34.1,46.92,1.05,0.07
34.0,47.02,1.06,0.07
34.0,47.12,1.06,0.07
33.9,47.12,1.05,0.07
33.9,46.43,1.05,0.06
33.9,45.45,1.05,0.06
33.9,44.57,1.07,0.06
33.8,44.67,1.05,0.06
33.8,45.45,1.06,0.06
33.8,45.85,1.05,0.06
33.8,47.02,1.06,0.07
33.7,47.41,1.05,0.07
33.7,47.51,1.07,0.07
33.7,47.61,1.05,0.07
33.7,47.7,1.05,0.07
33.6,48.19,1.05,0.07
33.6,48.29,1.06,0.07
33.6,47.7,1.05,0.07
33.6,46.33,1.05,0.06
33.5,47.12,1.05,0.07
33.5,47.61,1.06,0.07
33.5,47.41,1.05,0.07
33.5,47.7,1.07,0.07
33.4,47.9,1.05,0.07
33.4,48.0,1.05,0.07
33.4,48.0,1.07,0.07
33.4,48.0,1.06,0.07
33.3,48.09,1.04,0.07
33.3,48.0,1.05,0.07
33.3,48.0,1.04,0.07
33.3,47.8,1.05,0.07
33.3,43.21,1.05,0.05
33.3,39.98,1.05,0.05
33.2,45.16,1.05,0.06
33.2,45.06,1.05,0.06
33.2,46.92,1.06,0.06
33.2,48.0,1.06,0.07
33.1,45.45,1.05,0.07
33.1,45.06,1.05,0.06
33.1,45.16,1.05,0.06
33.1,46.53,1.06,0.07
33.0,46.73,1.06,0.07
33.0,46.82,1.07,0.06
33.0,46.43,1.05,0.06
33.0,46.92,1.05,0.06
33.0,46.73,1.05,0.06
33.0,48.29,1.05,0.07
32.9,47.51,1.06,0.07
32.9,47.41,1.05,0.06
32.9,48.78,1.06,0.07
32.9,48.39,1.06,0.07
32.8,47.51,1.04,0.06
32.8,46.73,1.05,0.06
32.8,46.04,1.05,0.06
32.8,45.45,1.06,0.06
32.8,44.87,1.05,0.06
32.8,44.48,1.05,0.06
32.7,44.09,1.06,0.05
32.7,43.5,1.05,0.05
32.7,43.21,1.06,0.05
32.7,42.91,1.05,0.05
32.6,42.91,1.05,0.05
32.6,43.6,1.05,0.05
32.6,43.79,1.05,0.05
32.6,43.99,1.06,0.05
32.6,44.18,1.05,0.05
32.6,44.57,1.05,0.06
32.5,44.97,1.04,0.06
32.5,45.55,1.07,0.06
32.5,45.94,1.04,0.06
32.5,46.53,1.06,0.06
32.4,46.92,1.05,0.06
32.4,47.51,1.07,0.07
32.4,47.7,1.05,0.07
32.4,48.29,1.05,0.07
32.4,48.58,1.05,0.07
32.4,48.78,1.04,0.07
32.3,48.97,1.06,0.07
32.3,49.17,1.06,0.07
32.3,49.17,1.05,0.07
32.3,49.66,1.07,0.07
32.3,49.85,1.05,0.07
32.3,50.54,1.06,0.08
32.2,51.22,1.05,0.08
32.2,51.52,1.05,0.08
32.2,51.52,1.06,0.08
32.2,51.52,1.06,0.08
32.2,51.22,1.05,0.08
32.2,51.03,1.05,0.08
32.1,50.54,1.06,0.08
32.1,50.54,1.05,0.08
32.1,50.24,1.05,0.08
32.1,50.64,1.05,0.08
32.0,51.32,1.06,0.08
32.0,51.52,1.04,0.08
32.0,51.81,1.06,0.08
32.0,51.71,1.05,0.08
31.9,51.71,1.07,0.08
31.9,51.61,1.05,0.08
31.9,51.71,1.05,0.08
31.9,51.91,1.05,0.08
31.9,51.91,1.05,0.08
31.9,51.91,1.05,0.08
31.8,51.91,1.04,0.08
31.8,51.81,1.04,0.08
31.8,51.81,1.05,0.08
31.8,51.81,1.05,0.08
31.7,51.42,1.06,0.08
31.7,49.85,1.05,0.08
31.7,49.17,1.06,0.08
31.7,49.46,1.06,0.08
31.7,50.05,1.05,0.08
31.7,49.17,1.06,0.08
31.6,48.78,1.05,0.07
31.6,49.36,1.04,0.07
31.6,49.27,1.06,0.08
31.6,49.17,1.05,0.08
31.6,49.17,1.05,0.08
31.6,49.36,1.05,0.07
31.5,49.36,1.04,0.08
31.5,48.97,1.05,0.08
31.5,49.07,1.07,0.07
31.5,49.17,1.06,0.08
31.5,49.07,1.05,0.08
31.5,49.17,1.06,0.08
31.4,49.17,1.06,0.08
31.4,49.07,1.06,0.08
31.4,48.78,1.05,0.07
31.4,48.88,1.05,0.07
31.4,48.68,1.05,0.07
31.4,48.88,1.05,0.07
31.4,48.78,1.05,0.07
31.4,49.36,1.05,0.07
31.3,49.85,1.06,0.08
31.3,50.05,1.05,0.08
31.3,49.76,1.06,0.08
31.3,48.48,1.04,0.07
31.3,45.65,1.05,0.06
31.3,45.16,1.05,0.06
31.2,45.55,1.05,0.06
31.2,47.02,1.06,0.07
31.2,46.82,1.05,0.06
31.2,46.73,1.04,0.06
31.2,45.75,1.05,0.06
31.2,45.85,1.05,0.06
31.1,45.75,1.05,0.06
31.1,45.45,1.05,0.06
31.1,45.36,1.06,0.06
31.1,45.36,1.05,0.06
31.1,45.36,1.05,0.06
31.1,45.45,1.05,0.06
31.0,45.45,1.07,0.06
31.0,45.36,1.05,0.06
31.0,45.65,1.05,0.06
31.0,45.55,1.07,0.06
31.0,45.45,1.05,0.06
31.0,45.65,1.06,0.06
31.0,45.75,1.06,0.06
31.0,44.67,1.06,0.06
31.0,48.29,1.06,0.07
31.0,49.17,1.05,0.08
30.9,49.07,1.05,0.08
30.9,49.17,1.06,0.08
30.9,49.17,1.04,0.07
30.9,91.98,1.04,0.27
30.9,91.98,1.04,0.28
30.9,91.98,1.04,0.33
30.8,91.79,1.03,0.27
30.8,91.89,1.04,0.37
30.8,91.89,1.04,0.26
30.8,91.89,1.04,0.26
30.8,91.89,1.04,0.27
30.8,91.79,1.04,0.29
30.7,91.89,1.03,0.35
30.7,91.79,1.04,0.35
30.7,91.69,1.03,0.28
30.7,91.79,1.04,0.35
30.7,91.69,1.03,0.34
30.7,91.79,1.04,0.35
30.7,91.79,1.04,0.27
30.7,91.69,1.04,0.33
30.7,91.79,1.04,0.34
30.7,91.69,1.04,0.32
30.6,91.79,1.04,0.31
30.6,91.79,1.03,0.32
30.6,91.79,1.03,0.34
30.6,91.79,1.04,0.31
30.6,91.69,1.04,0.26
30.6,91.79,1.04,0.29
30.5,91.69,1.04,0.32
30.5,91.79,1.04,0.34
30.5,91.69,1.04,0.27
30.5,91.69,1.04,0.34
30.5,91.69,1.04,0.34
30.5,91.69,1.04,0.34
30.5,91.69,1.03,0.27
30.5,91.69,1.04,0.26
30.5,91.69,1.03,0.25
30.5,91.69,1.03,0.27
30.4,91.69,1.03,0.25
30.4,91.69,1.04,0.3
30.4,91.69,1.04,0.27
30.4,91.69,1.04,0.34
30.3,91.59,1.04,0.36
30.3,91.69,1.03,0.34
30.3,91.69,1.03,0.28
30.3,91.59,1.04,0.26
30.3,91.69,1.04,0.25
30.3,91.69,1.03,0.35
30.2,91.69,1.04,0.35
30.2,91.69,1.04,0.25
30.2,91.59,1.04,0.32
30.2,91.69,1.03,0.34
30.2,91.59,1.03,0.25
30.2,91.69,1.04,0.34
30.2,91.59,1.04,0.31
30.2,91.59,1.04,0.33
30.1,91.59,1.04,0.26
30.1,91.59,1.04,0.33
30.1,91.59,1.03,0.29
30.1,91.59,1.04,0.3
30.1,91.59,1.03,0.28
30.1,91.59,1.04,0.26
30.1,91.59,1.04,0.32
30.1,91.59,1.04,0.31
30.0,91.59,1.03,0.29
30.0,91.59,1.03,0.3
30.0,91.59,1.04,0.29
30.0,91.59,1.04,0.3
30.0,91.59,1.04,0.25
30.0,91.59,1.04,0.29
30.0,91.59,1.04,0.33
30.0,91.59,1.04,0.32
29.9,91.59,1.04,0.26
29.9,91.5,1.04,0.31
29.9,91.59,1.04,0.25
29.9,91.59,1.04,0.25
29.9,91.59,1.04,0.29
29.9,91.59,1.03,0.28
29.9,91.5,1.04,0.26
29.9,91.5,1.04,0.24
29.8,91.59,1.04,0.26
29.8,91.59,1.04,0.23
29.8,91.59,1.04,0.32
29.8,91.5,1.04,0.34
29.8,91.59,1.04,0.34
29.8,91.5,1.04,0.32
29.8,91.59,1.03,0.29
29.8,91.59,1.04,0.26
29.7,91.5,1.04,0.25
29.7,91.59,1.03,0.27
29.7,91.59,1.03,0.32
29.7,91.59,1.03,0.34
29.7,91.5,1.04,0.34
29.7,91.59,1.04,0.33
29.6,91.5,1.04,0.29
29.6,91.59,1.03,0.32
29.6,91.5,1.04,0.32
29.6,91.59,1.04,0.27
29.6,91.59,1.04,0.31
29.6,91.5,1.04,0.25
29.6,91.59,1.03,0.29
29.6,91.69,1.04,0.25
29.6,91.79,1.04,0.35
29.6,91.79,1.04,0.26
29.5,91.69,1.04,0.34
29.5,91.4,1.04,0.35
29.5,91.3,1.03,0.33
29.5,91.01,1.03,0.3
29.5,91.3,1.03,0.27
29.5,91.5,1.04,0.26
29.5,91.59,1.03,0.3
29.5,91.4,1.03,0.29
29.4,91.69,1.04,0.28
29.4,91.69,1.04,0.3
29.4,91.59,1.03,0.32
29.4,91.59,1.04,0.33
29.4,91.59,1.04,0.24
29.4,91.59,1.04,0.34
29.4,91.5,1.03,0.33
29.4,91.5,1.03,0.31
29.3,91.4,1.04,0.27
29.3,91.5,1.04,0.32
29.3,91.59,1.04,0.25
29.3,91.59,1.04,0.28
29.3,91.5,1.03,0.29
29.3,91.5,1.04,0.27
29.3,91.5,1.04,0.31
29.3,91.5,1.03,0.24
29.3,91.5,1.04,0.25
29.3,91.4,1.03,0.32
29.2,91.5,1.04,0.23
29.2,91.5,1.03,0.25
29.2,91.5,1.04,0.32
29.2,91.4,1.04,0.29
29.2,91.4,1.04,0.24
29.2,91.4,1.04,0.28
29.2,91.59,1.03,0.31
29.2,91.5,1.04,0.31
29.2,91.5,1.03,0.33
29.2,91.5,1.04,0.27
29.2,91.4,1.04,0.27
29.2,91.5,1.04,0.25
29.2,91.59,1.04,0.28
29.2,91.5,1.03,0.35
29.1,91.5,1.04,0.28
29.1,91.4,1.03,0.24
29.1,91.5,1.04,0.29
29.1,91.5,1.04,0.29
29.1,91.5,1.04,0.33
29.1,91.5,1.03,0.25
29.1,91.5,1.04,0.34
29.1,91.5,1.03,0.25
29.1,91.59,1.04,0.32
29.1,91.5,1.04,0.34
29.1,91.5,1.03,0.34
29.1,91.5,1.03,0.24
29.1,91.5,1.04,0.34
29.1,91.59,1.03,0.31
29.1,91.5,1.04,0.26
29.1,91.5,1.04,0.24
29.0,91.4,1.04,0.23
29.0,91.2,1.04,0.23
29.0,91.5,1.04,0.29
29.0,91.4,1.03,0.31
29.0,91.1,1.04,0.22
29.0,90.81,1.04,0.29
29.0,90.71,1.04,0.28
29.0,90.62,0.86,0.22
29.0,90.32,0.78,0.26
29.0,90.13,0.69,0.22
29.0,90.71,0.65,0.26
29.0,91.3,0.65,0.23
28.9,91.4,0.65,0.22
28.9,91.3,0.65,0.17
28.9,90.62,0.65,0.24
28.9,90.42,0.5,0.25
28.9,90.32,0.24,0.26
28.9,90.22,0.17,0.27
28.9,90.62,0.17,0.31
28.9,90.62,0.17,0.32
28.9,91.01,0.16,0.3
28.9,91.5,0.16,0.3
28.9,91.1,0.36,0.31
28.9,90.81,2.99,0.29
28.8,90.71,4.14,0.26
28.8,90.81,4.45,0.26
28.8,91.1,4.46,0.26
28.8,91.1,4.45,0.24
28.8,90.71,4.45,0.24
28.8,91.01,4.44,0.29
28.8,91.01,4.79,0.32
28.8,90.71,4.78,0.3
28.8,91.4,4.78,0.25
28.8,91.5,4.79,0.28
28.7,91.5,4.78,0.25
28.7,91.5,4.78,0.33
28.7,91.4,4.78,0.3
28.7,91.5,4.78,0.34
28.7,91.4,4.78,0.25
28.7,91.5,4.78,0.26
28.7,91.5,4.78,0.34
28.7,91.5,4.78,0.26
28.7,91.4,4.78,0.25
28.7,91.4,4.78,0.32
28.6,91.4,4.78,0.26
28.6,91.4,4.78,0.3
28.6,91.4,4.78,0.34
28.6,91.5,4.78,0.34
28.6,91.4,4.79,0.3
28.6,91.4,4.78,0.27
28.6,91.4,4.78,0.26
28.6,91.5,4.78,0.32
28.6,91.4,4.78,0.34
28.6,91.4,4.78,0.3
28.6,91.4,4.78,0.33
28.6,91.4,4.78,0.35
28.5,91.4,4.78,0.28
28.5,91.4,4.78,0.3
28.5,91.4,4.78,0.26
28.5,91.4,4.78,0.33
28.5,91.5,4.78,0.32
28.5,91.5,4.78,0.26
28.5,91.4,4.78,0.29
28.5,91.4,4.78,0.31
28.5,91.5,4.78,0.33
28.5,91.4,4.78,0.34
28.5,91.5,4.78,0.27
28.5,91.5,4.78,0.26
28.5,91.4,4.78,0.3
28.5,91.5,4.78,0.26
28.5,91.5,4.78,0.25
28.5,91.5,4.78,0.3
28.5,91.4,4.78,0.32
28.5,91.5,4.78,0.32
28.4,91.4,4.78,0.34
28.4,91.5,4.78,0.34
28.4,91.4,4.78,0.34
28.4,91.5,4.78,0.33
28.4,91.4,4.78,0.3
28.4,91.4,4.78,0.32
28.4,91.4,4.78,0.34
28.4,91.4,4.78,0.3
28.4,91.5,4.78,0.34
28.4,91.4,4.78,0.26
28.3,91.4,4.78,0.27
28.3,91.5,4.78,0.27
28.3,91.5,4.78,0.27
28.3,91.5,4.78,0.33
28.3,91.5,4.78,0.34
28.3,91.4,4.78,0.35
28.3,91.5,4.78,0.26
28.3,91.5,4.78,0.28
28.3,91.4,4.78,0.35
28.3,91.5,4.78,0.3
28.3,91.4,4.78,0.25
28.3,91.5,4.78,0.24
28.3,91.4,4.79,0.28
28.3,90.22,4.78,0.24
28.3,90.62,4.78,0.22
28.3,90.81,4.78,0.23
28.3,91.3,4.78,0.23
28.3,91.2,4.78,0.31
28.2,91.2,4.78,0.23
28.2,91.2,4.78,0.1
28.2,91.2,4.78,0.18
28.2,91.1,4.78,0.06
28.2,92.18,4.78,0.1
28.2,92.18,4.78,0.12
28.2,91.59,4.78,0.11
28.2,90.52,4.78,0.09
28.2,85.83,4.78,0.09
28.2,71.36,4.78,0.08
28.2,65.3,4.78,0.08
28.2,62.85,4.78,0.08
28.2,68.04,4.78,0.1
28.2,68.43,4.78,0.1
28.2,86.61,4.78,0.3
28.2,92.28,4.78,0.73
28.1,96.48,4.78,1.27
28.1,97.85,4.78,5.0
28.2,99.02,4.78,5.0
28.2,98.53,4.78,5.0
28.1,98.63,4.78,5.0
28.1,98.73,4.78,5.0
28.2,98.73,4.78,5.0
28.2,98.73,4.78,5.0
28.2,98.73,4.78,5.0
28.2,98.73,4.78,5.0
28.3,98.73,4.78,5.0
28.3,98.73,4.78,5.0
28.4,98.73,4.78,5.0
28.4,98.63,4.78,5.0
28.5,98.73,4.78,5.0
28.5,98.73,4.78,5.0
28.5,98.92,4.78,5.0
28.5,99.02,4.34,5.0
28.5,99.02,4.78,5.0
28.5,99.02,4.78,5.0
28.7,99.02,4.78,5.0
28.7,99.02,4.78,5.0
28.8,99.02,4.78,5.0
28.8,99.02,4.78,5.0
28.9,99.02,4.78,5.0
28.9,99.02,4.78,5.0
29.1,99.02,4.78,5.0
29.1,99.02,4.78,5.0
29.3,99.02,4.78,5.0
29.3,99.02,4.78,5.0
29.4,99.02,4.78,5.0
29.4,99.02,4.78,4.92
29.5,99.02,4.78,5.0
29.5,99.02,4.78,5.0
29.7,99.02,4.78,5.0
29.7,99.02,4.78,5.0
29.8,99.02,4.78,5.0
29.8,99.02,4.78,5.0
29.9,99.02,4.78,5.0
29.9,99.02,4.78,5.0
30.1,99.02,4.78,5.0
30.1,99.02,4.78,4.98
30.2,99.02,4.78,5.0
30.2,99.02,4.78,5.0
30.4,99.02,4.78,5.0
30.4,99.02,4.78,5.0
30.5,99.02,4.78,5.0
30.5,99.02,4.78,5.0
30.6,99.02,4.78,5.0
30.6,99.12,4.78,5.0
30.8,99.02,4.78,5.0
30.8,99.02,4.78,5.0
30.9,99.02,4.78,5.0
30.9,98.92,4.78,5.0
31.0,99.02,4.78,5.0
31.0,98.92,4.78,5.0
31.1,99.02,4.78,5.0
31.1,99.02,4.78,5.0
31.2,98.92,4.78,5.0
31.2,99.02,4.78,5.0
31.4,99.02,4.78,5.0
31.4,98.92,4.78,5.0
31.5,99.02,4.78,5.0
31.5,99.02,4.78,5.0
31.6,99.02,4.78,5.0
31.6,99.02,4.78,5.0
31.8,99.02,4.78,5.0
31.8,99.02,4.78,5.0
31.9,99.02,4.78,5.0
31.9,99.02,4.78,5.0
32.0,99.02,4.78,5.0
32.0,99.02,4.78,5.0
32.1,99.02,4.78,5.0
32.1,99.02,4.78,5.0
32.2,99.02,4.78,5.0
32.2,99.02,4.78,5.0
32.3,99.02,4.78,5.0
32.3,99.02,4.78,5.0
32.4,99.02,4.78,5.0
32.4,98.92,4.78,5.0
32.5,99.02,4.78,5.0
32.5,99.12,4.78,5.0
32.6,99.02,4.78,5.0
32.6,98.92,4.78,5.0
32.7,99.02,4.78,5.0
32.7,99.02,4.78,5.0
32.7,99.02,4.78,5.0
32.7,99.02,4.78,5.0
32.8,99.02,4.78,5.0
32.8,99.02,4.78,5.0
32.9,99.02,4.78,5.0
32.9,99.02,4.78,5.0
33.0,99.02,4.78,5.0
33.0,99.02,4.78,5.0
33.0,99.02,4.8,5.0
33.0,99.02,4.72,5.0
33.1,99.02,4.69,5.0
33.1,99.02,2.3,5.0
33.2,99.02,0.48,5.0
33.2,99.02,0.4,5.0
33.3,99.02,0.43,5.0
33.3,99.02,0.48,5.0
33.4,99.02,1.16,5.0
33.4,99.02,4.64,5.0
33.5,96.87,4.66,5.0
33.5,96.58,4.66,5.0
33.6,96.77,4.65,5.0
33.6,96.77,4.65,5.0
33.6,96.77,4.65,5.0
33.6,96.87,4.65,5.0
33.5,96.87,5.0,5.0
33.5,96.77,5.0,5.0
33.5,96.58,4.21,5.0
33.5,96.38,3.1,5.0
33.5,96.58,2.91,5.0
33.5,96.58,0.75,5.0
33.5,96.58,0.22,5.0
33.5,96.68,0.19,5.0
33.4,96.77,0.22,5.0
33.4,96.68,2.07,5.0
33.4,97.07,4.62,5.0
33.4,97.56,4.82,5.0
33.3,97.65,4.82,5.0
33.3,97.65,0.01,5.0
33.3,97.75,4.82,5.0
33.3,97.65,4.81,5.0
33.3,97.65,4.81,5.0
33.3,96.87,4.81,5.0
33.3,99.02,4.81,5.0
33.3,99.02,4.81,5.0
33.3,99.02,4.81,5.0
33.3,99.12,4.81,5.0
33.3,99.02,4.81,5.0
33.3,99.02,4.81,5.0
33.4,96.77,4.81,5.0
33.4,97.26,4.81,5.0
33.5,97.46,4.81,5.0
33.5,97.46,4.82,5.0
33.5,97.46,4.92,5.0
33.5,97.56,5.0,5.0
33.5,97.46,5.0,5.0
33.5,97.56,5.0,5.0
33.5,97.56,2.18,5.0
33.5,98.92,5.0,5.0
33.5,96.29,5.0,5.0
33.5,99.02,5.0,5.0
33.5,99.02,5.0,5.0
33.5,99.02,5.0,5.0
33.5,97.07,5.0,5.0
33.5,96.97,5.0,5.0
33.6,96.77,5.0,5.0
33.6,96.87,5.0,5.0
33.6,97.17,5.0,5.0
33.6,96.87,5.0,5.0
33.7,97.07,5.0,5.0
33.7,97.07,5.0,5.0
33.7,97.07,4.66,5.0
33.7,97.17,2.79,5.0
33.6,97.17,3.45,5.0
33.6,97.07,5.0,5.0
33.6,97.17,5.0,5.0
33.6,97.36,5.0,5.0
33.6,97.07,5.0,5.0
33.6,99.02,5.0,5.0
33.6,99.02,5.0,5.0
33.6,99.12,5.0,5.0
33.6,99.02,5.0,5.0
33.6,99.02,5.0,5.0
33.7,99.02,5.0,5.0
33.7,99.12,5.0,5.0
33.8,99.02,5.0,5.0
33.8,99.02,5.0,5.0
34.0,99.12,5.0,5.0
34.0,99.02,5.0,5.0
34.1,99.02,5.0,5.0
34.1,99.02,5.0,5.0
34.2,99.02,5.0,5.0
34.2,99.02,5.0,5.0
34.3,99.02,5.0,5.0
34.3,99.02,5.0,5.0
34.4,99.02,5.0,5.0
34.4,99.02,5.0,5.0
34.4,99.02,5.0,5.0
34.4,99.02,5.0,5.0
34.6,99.02,5.0,5.0
34.6,99.12,5.0,5.0
34.6,99.02,5.0,5.0
34.6,99.12,5.0,5.0
34.8,99.02,5.0,5.0
34.8,99.12,5.0,5.0
34.8,99.12,5.0,5.0
34.8,99.02,5.0,5.0
34.9,99.02,5.0,5.0
34.9,99.02,5.0,5.0
35.0,99.02,5.0,5.0
35.0,99.02,5.0,5.0
35.1,99.02,5.0,5.0
35.1,99.02,5.0,5.0
35.2,99.02,5.0,5.0
35.2,99.02,5.0,5.0
35.2,99.02,5.0,5.0
35.2,99.12,5.0,5.0
35.3,99.12,5.0,5.0
35.3,99.02,5.0,5.0
35.4,99.02,5.0,5.0
35.4,99.02,5.0,5.0
35.5,99.02,5.0,5.0
35.5,99.02,5.0,5.0
35.5,99.02,5.0,5.0
35.5,99.02,5.0,5.0
35.6,99.02,5.0,5.0
35.6,99.02,5.0,5.0
35.6,99.02,5.0,5.0
35.6,99.02,5.0,5.0
35.7,99.02,5.0,5.0
35.7,99.12,5.0,5.0
35.7,99.02,5.0,5.0
35.7,99.12,5.0,5.0
35.7,99.02,5.0,5.0
35.7,99.12,5.0,5.0
35.7,99.02,5.0,5.0
35.7,99.02,5.0,5.0
35.8,99.02,5.0,5.0
35.8,99.02,5.0,5.0
35.8,99.02,5.0,5.0
35.8,99.02,5.0,5.0
35.8,99.02,5.0,5.0
35.8,99.02,5.0,5.0
35.9,99.02,5.0,5.0
35.9,99.02,5.0,5.0
35.9,99.02,5.0,5.0
35.9,99.02,5.0,5.0
35.9,99.02,5.0,5.0
35.9,99.02,5.0,5.0
35.9,99.02,5.0,5.0
35.9,99.02,5.0,5.0
35.9,99.02,5.0,5.0
35.9,97.56,5.0,5.0
36.0,99.02,5.0,5.0
36.0,97.36,5.0,5.0
36.0,99.02,5.0,5.0
36.0,99.02,5.0,5.0
35.9,99.02,5.0,5.0
35.9,99.02,5.0,5.0
35.9,99.02,5.0,5.0
35.9,99.12,5.0,5.0
35.9,99.02,5.0,5.0
35.9,99.02,5.0,5.0
36.0,99.02,5.0,5.0
36.0,99.02,5.0,5.0
36.0,99.02,5.0,5.0
36.0,99.02,5.0,5.0
36.0,99.02,5.0,5.0
36.0,99.02,5.0,5.0
36.0,99.02,5.0,5.0
36.0,99.02,5.0,5.0
36.0,99.02,5.0,5.0
36.0,99.02,5.0,5.0
36.0,99.02,5.0,5.0
36.0,99.02,5.0,5.0
36.0,99.02,5.0,5.0
36.0,99.02,5.0,5.0
36.0,99.02,5.0,5.0
36.0,99.02,5.0,5.0
36.0,99.02,5.0,5.0
36.0,99.12,5.0,5.0
36.0,99.02,5.0,5.0
36.0,99.02,5.0,5.0
36.1,99.02,5.0,5.0
36.1,99.02,5.0,5.0
36.1,99.02,5.0,5.0
36.1,99.02,5.0,5.0
36.1,99.02,5.0,5.0
36.1,99.12,5.0,5.0
36.1,99.02,5.0,5.0
36.1,99.02,5.0,5.0
36.1,99.02,5.0,5.0
36.1,99.02,5.0,5.0
36.1,99.02,5.0,5.0
36.1,99.02,5.0,5.0
36.1,99.12,5.0,5.0
36.1,99.12,5.0,5.0
36.2,99.02,5.0,5.0
36.2,99.02,5.0,5.0
36.2,99.02,5.0,5.0
36.2,99.02,5.0,5.0
36.1,99.02,5.0,5.0
36.1,99.02,5.0,5.0
36.2,99.02,5.0,5.0
36.2,99.02,5.0,5.0
36.2,99.02,5.0,5.0
36.2,99.02,5.0,5.0
36.2,99.02,5.0,5.0
36.2,99.02,5.0,5.0
36.2,99.02,5.0,5.0
36.2,99.02,5.0,5.0
36.3,99.02,5.0,5.0
36.3,99.02,5.0,5.0
36.3,99.02,5.0,5.0
36.3,99.02,5.0,5.0
36.3,99.02,5.0,5.0
36.3,99.02,5.0,5.0
36.3,99.02,5.0,5.0
36.3,99.02,5.0,5.0
36.3,99.02,5.0,5.0
36.3,99.02,5.0,5.0
36.4,99.02,5.0,5.0
36.4,99.02,5.0,5.0
36.4,97.75,5.0,5.0
36.4,99.02,5.0,5.0
36.4,99.02,5.0,5.0
36.4,99.02,5.0,5.0
36.4,99.02,5.0,5.0
36.4,99.02,5.0,5.0
36.4,99.02,5.0,5.0
36.4,99.02,5.0,5.0
36.4,99.02,5.0,5.0
36.4,99.02,5.0,5.0
36.4,99.02,5.0,5.0
36.4,99.12,5.0,5.0
36.4,99.02,5.0,5.0
36.4,99.02,5.0,5.0
36.5,99.02,5.0,5.0
36.5,99.02,5.0,5.0
36.4,99.02,5.0,5.0
36.4,99.02,5.0,5.0
36.5,99.02,5.0,5.0
36.5,99.02,5.0,5.0
36.5,99.02,5.0,5.0
36.5,99.02,5.0,5.0
36.5,99.02,5.0,5.0
36.5,99.02,5.0,5.0
36.5,99.02,5.0,5.0
36.5,99.02,5.0,5.0
36.5,99.02,5.0,5.0
36.5,99.02,5.0,5.0
36.5,99.02,5.0,5.0
36.5,99.02,5.0,5.0
36.4,99.02,5.0,5.0
36.4,99.02,5.0,5.0
36.5,99.02,5.0,5.0
36.5,99.02,5.0,5.0
36.5,99.02,5.0,5.0
36.5,99.02,5.0,5.0
36.5,99.02,5.0,5.0
36.5,99.12,5.0,5.0
36.5,99.02,5.0,5.0
36.5,99.02,5.0,5.0
36.5,99.02,5.0,5.0
36.5,99.02,5.0,5.0
36.5,99.02,5.0,5.0
36.5,99.02,5.0,5.0
36.5,99.02,5.0,5.0
36.5,99.02,5.0,5.0
36.6,99.02,5.0,5.0
36.6,99.02,5.0,5.0
36.6,99.02,5.0,5.0
36.6,99.12,5.0,5.0
36.6,99.02,5.0,5.0
36.6,99.02,5.0,5.0
36.6,99.02,5.0,5.0
36.6,99.02,5.0,5.0
36.6,99.02,5.0,5.0
36.6,99.02,5.0,5.0
36.7,99.02,5.0,5.0
36.7,99.02,5.0,5.0
36.7,99.02,5.0,5.0
36.7,99.02,5.0,5.0
36.7,99.02,5.0,5.0
36.7,99.02,5.0,5.0
36.7,99.02,5.0,5.0
36.7,99.02,5.0,5.0
36.7,99.02,5.0,5.0
36.7,99.02,5.0,5.0
36.7,99.02,5.0,5.0
36.7,99.02,5.0,5.0
36.8,99.02,5.0,5.0
36.8,99.02,5.0,5.0
36.8,99.02,5.0,5.0
36.8,99.02,5.0,5.0
36.8,99.02,5.0,5.0
36.8,99.02,5.0,5.0
25.2,88.76,0.55,0.22
25.2,88.66,0.56,0.31
25.3,88.66,0.56,0.23
25.3,88.66,0.56,0.28
25.2,88.76,0.56,0.23
25.2,88.76,0.56,0.3
25.2,88.66,0.55,0.31
25.2,88.76,0.56,0.32
25.2,88.66,0.56,0.26
25.2,88.66,0.55,0.22
25.2,88.66,0.56,0.31
25.2,88.76,0.56,0.25
25.3,88.66,0.56,0.31
25.3,88.76,0.56,0.29
25.2,88.66,0.55,0.24
25.2,88.76,0.56,0.29
25.3,88.66,0.56,0.22
25.3,88.66,0.56,0.23
25.3,88.66,0.56,0.22
25.3,88.76,0.56,0.25
25.3,88.66,0.56,0.27
25.3,88.76,0.56,0.31
25.3,88.66,0.56,0.25
25.3,88.66,0.56,0.23
25.3,88.76,0.56,0.22
25.3,88.76,0.56,0.22
25.3,88.66,0.56,0.3
25.2,88.76,0.55,0.2
25.2,88.76,0.56,0.3
25.2,88.76,0.56,0.22
25.2,88.66,0.56,0.26
25.2,88.66,0.56,0.26
25.2,88.76,0.56,0.27
25.2,88.66,0.56,0.26
25.2,88.66,0.55,0.29
25.3,88.66,0.56,0.24
25.3,88.66,0.56,0.24
25.3,88.56,0.55,0.3
25.3,88.66,0.55,0.31
25.3,88.66,0.56,0.25
25.3,88.76,0.56,0.29
25.3,88.66,0.56,0.29
25.3,88.66,0.56,0.29
25.3,88.66,0.56,0.21
25.3,88.66,0.56,0.22
25.3,88.56,0.56,0.21
25.3,88.66,0.55,0.3
25.3,88.66,0.56,0.25
25.3,88.76,0.56,0.24
25.3,88.76,0.56,0.25
25.3,88.66,0.56,0.22
25.3,88.66,0.55,0.28
25.3,88.76,0.55,0.21
25.3,88.66,0.56,0.29
25.3,88.66,0.56,0.3
25.3,88.76,0.56,0.25
25.3,88.66,0.56,0.24
25.3,88.66,0.56,0.21
25.3,88.66,0.56,0.28
25.3,88.66,0.56,0.28
25.3,88.76,0.56,0.27
25.3,88.66,0.56,0.22
25.3,88.66,0.56,0.31
25.4,8.31,1.5,0.0
25.4,10.07,1.52,0.0
25.4,10.26,1.53,0.0
25.4,10.26,1.55,0.0
25.4,11.34,1.55,0.0
25.4,11.34,1.53,0.0
25.4,11.34,1.53,0.0
25.4,11.34,1.56,0.0
25.4,11.14,1.53,0.0
25.4,11.14,1.59,0.0
25.4,11.14,1.56,0.0
25.4,11.14,1.53,0.0
25.4,9.48,1.53,0.0
25.4,8.99,1.52,0.0
25.4,8.9,1.55,0.0
25.4,8.9,1.55,0.0
25.4,8.41,1.55,0.0
25.4,8.5,1.54,0.0
25.4,8.5,1.53,0.0
25.4,8.5,1.54,0.0
25.4,10.07,1.59,0.0
25.4,10.36,1.55,0.0
25.4,10.46,1.56,0.0
25.4,10.46,1.54,0.0
25.4,11.44,1.56,0.0
25.4,11.44,1.56,0.0
25.4,11.44,1.53,0.0
25.4,11.53,1.55,0.0
25.4,11.34,1.53,0.0
25.4,11.44,1.53,0.0
25.4,11.34,1.55,0.0
25.4,11.34,1.56,0.0
25.4,9.29,1.6,0.0
25.4,8.9,1.54,0.0
25.4,8.8,1.55,0.0
25.4,8.8,1.52,0.0
25.4,8.5,1.58,0.0
25.4,8.5,1.52,0.0
25.4,8.5,1.56,0.0
25.4,8.5,1.53,0.0
25.4,10.07,1.53,0.0
25.4,10.17,1.52,0.0
25.4,10.26,1.57,0.0
25.4,10.26,1.59,0.0
25.4,11.24,1.54,0.0
25.4,11.24,1.55,0.0
25.4,11.24,1.53,0.0
25.4,11.24,1.54,0.0
25.4,11.14,1.55,0.0
25.4,11.14,1.55,0.0
25.4,11.14,1.52,0.0
25.4,11.24,1.52,0.0
25.4,9.09,1.53,0.0
25.4,8.9,1.54,0.0
25.4,8.8,1.53,0.0
25.4,8.8,1.58,0.0
25.4,8.41,1.52,0.0
25.4,8.41,1.59,0.0
25.4,8.41,1.52,0.0
25.4,8.41,1.55,0.0
25.4,10.07,1.53,0.0
25.4,10.26,1.52,0.0
25.4,10.26,1.53,0.0
25.4,10.36,1.52,0.0
25.4,11.34,1.54,0.0
25.4,11.34,1.54,0.0
25.4,11.34,1.55,0.0
25.4,11.34,1.56,0.0
25.4,11.24,1.53,0.0
25.4,11.14,1.53,0.0
25.4,11.24,1.59,0.0
25.4,11.24,1.54,0.0
25.4,8.99,1.55,0.0
25.4,8.8,1.56,0.0
25.4,8.8,1.52,0.0
25.4,8.8,1.52,0.0
25.4,8.6,1.53,0.0
25.4,8.5,1.55,0.0
25.4,8.5,1.54,0.0
25.4,8.5,1.57,0.0
25.4,10.46,1.53,0.0
25.4,10.46,1.55,0.0
25.4,10.46,1.54,0.0
25.4,10.46,1.54,0.0
25.4,11.34,1.54,0.0
25.4,11.34,1.55,0.0
25.4,11.44,1.55,0.0
25.4,11.44,1.53,0.0
25.4,11.24,1.52,0.0
25.4,11.24,1.53,0.0
25.4,11.14,1.52,0.0
25.4,11.34,1.55,0.0
25.4,9.09,1.53,0.0
25.4,8.9,1.58,0.0
25.4,8.9,1.52,0.0
25.4,8.31,1.53,0.0
25.4,8.6,1.53,0.0
25.4,8.6,1.58,0.0
25.4,8.6,1.53,0.0
25.4,9.38,1.54,0.0
25.4,10.26,1.52,0.0
25.4,10.36,1.58,0.0
25.4,10.36,1.55,0.0
25.4,11.44,1.53,0.0
25.4,11.44,1.56,0.0
25.4,11.34,1.53,0.0
25.4,11.34,1.52,0.0
25.4,11.05,1.52,0.0
25.4,11.14,1.54,0.0
25.4,11.14,1.52,0.0
25.4,11.14,1.52,0.0
25.4,9.58,1.52,0.0
25.4,8.99,1.56,0.0
25.4,8.8,1.54,0.0
25.4,8.8,1.52,0.0
25.4,8.41,1.6,0.0
25.4,8.5,1.52,0.0
25.4,8.5,1.55,0.0
25.4,8.5,1.53,0.0
25.4,9.97,1.57,0.0
25.4,10.36,1.52,0.0
25.4,10.46,1.53,0.0
25.4,10.56,1.54,0.0
25.4,11.44,1.59,0.0
25.4,11.44,1.53,0.0
25.4,11.44,1.55,0.0
25.4,11.44,1.56,0.0
25.4,11.34,1.53,0.0
25.4,11.34,1.52,0.0
25.4,11.24,1.59,0.0
25.4,11.24,1.54,0.0
25.4,9.29,1.56,0.0
25.4,8.99,1.58,0.0
25.4,8.8,1.59,0.0
25.4,8.8,1.54,0.0
25.4,8.41,1.59,0.0
25.4,8.5,1.52,0.0
25.4,8.41,1.52,0.0
25.4,8.41,1.58,0.0
25.4,11.93,1.6,0.0
25.4,12.22,1.58,0.0
25.4,12.32,1.53,0.0
25.4,12.32,1.52,0.0
25.4,13.29,1.52,0.0
25.4,13.39,1.52,0.0
25.4,13.39,1.52,0.0
25.4,13.39,1.56,0.0
25.4,13.29,1.53,0.0
25.4,13.29,1.54,0.0
25.4,13.29,1.53,0.0
25.4,13.29,1.53,0.0
25.4,11.44,1.59,0.0
25.4,11.34,1.54,0.0
25.4,11.14,1.58,0.0
25.4,11.14,1.56,0.0
25.4,10.75,1.56,0.0
25.4,10.75,1.56,0.0
25.4,10.65,1.56,0.0
25.4,10.65,1.54,0.0
25.4,12.32,1.57,0.0
25.4,12.51,1.58,0.0
25.4,12.51,1.52,0.0
25.4,12.61,1.55,0.0
25.4,13.49,1.59,0.0
25.4,13.49,1.52,0.0
25.4,13.49,1.52,0.0
25.4,13.49,1.55,0.0
25.4,13.39,1.54,0.0
25.4,13.49,1.53,0.0
25.4,13.39,1.54,0.0
25.4,13.59,1.53,0.0
25.4,11.34,1.58,0.0
25.4,11.14,1.54,0.0
25.4,11.14,1.54,0.0
25.4,11.14,1.55,0.0
25.4,10.95,1.55,0.0
25.4,10.85,1.56,0.0
25.4,10.85,1.52,0.0
25.4,10.85,1.53,0.0
25.4,12.51,1.55,0.0
25.4,12.51,1.52,0.0
25.4,12.61,1.56,0.0
25.4,12.61,1.52,0.0
25.4,13.49,1.59,0.0
25.4,13.49,1.53,0.0
25.4,13.49,1.56,0.0
25.4,13.49,1.56,0.0
25.4,13.29,1.53,0.0
25.4,13.29,1.52,0.0
25.4,13.29,1.52,0.0
25.4,13.29,1.52,0.0
25.4,11.34,1.52,0.0
25.4,11.24,1.55,0.0
25.4,11.24,1.57,0.0
25.4,11.14,1.54,0.0
25.4,10.75,1.6,0.0
25.4,10.85,1.52,0.0
25.4,10.85,1.56,0.0
25.4,11.14,1.53,0.0
25.4,12.51,1.58,0.0
25.4,12.61,1.53,0.0
25.4,12.51,1.6,0.0
25.4,13.59,1.58,0.0
25.4,13.49,1.53,0.0
25.4,13.49,1.58,0.0
25.4,13.59,1.55,0.0
25.4,13.2,1.55,0.0
25.4,13.29,1.53,0.0
25.4,13.29,1.55,0.0
25.4,13.29,1.53,0.0
25.4,11.93,1.56,0.0
25.4,11.24,1.55,0.0
25.4,11.14,1.53,0.0
25.4,11.05,1.59,0.0
25.4,10.65,1.52,0.0
25.4,10.75,1.52,0.0
25.4,10.85,1.57,0.0
25.4,10.75,1.54,0.0
25.4,12.32,1.53,0.0
25.4,12.61,1.56,0.0
25.4,12.71,1.52,0.0
25.4,12.81,1.59,0.0
25.4,13.59,1.52,0.0
25.4,13.59,1.52,0.0
25.4,13.59,1.55,0.0
25.4,13.59,1.54,0.0
25.4,13.39,1.53,0.0
25.4,13.39,1.55,0.0
25.4,13.39,1.55,0.0
25.4,13.39,1.53,0.0
25.4,11.53,1.53,0.0
25.4,11.24,1.59,0.0
25.4,11.24,1.53,0.0
25.4,11.14,1.53,0.0
25.4,10.85,1.57,0.0
25.4,11.14,1.52,0.0
25.4,11.14,1.56,0.0
25.4,11.05,1.56,0.0
25.4,12.51,1.6,0.0
25.4,12.71,1.54,0.0
25.4,12.81,1.59,0.0
25.4,12.9,1.59,0.0
25.4,13.69,1.58,0.0
25.4,13.69,1.54,0.0
25.4,13.78,1.56,0.0
25.4,13.78,1.53,0.0
25.4,13.59,1.54,0.0
25.4,13.59,1.53,0.0
25.4,13.59,1.53,0.0
25.4,13.69,1.52,0.0
25.4,11.83,1.52,0.0
25.4,11.63,1.56,0.0
25.4,11.63,1.54,0.0
25.4,11.53,1.54,0.0
25.4,11.14,1.54,0.0
25.4,11.24,1.55,0.0
25.4,11.24,1.54,0.0
25.4,11.24,1.55,0.0
25.4,12.81,1.53,0.0
25.4,13.1,1.52,0.0
25.4,13.1,1.58,0.0
25.4,13.2,1.58,0.0
25.4,13.98,1.52,0.0
25.4,14.08,1.55,0.0
25.4,14.08,1.56,0.0
25.4,14.17,1.52,0.0
25.4,14.08,1.58,0.0
25.4,14.08,1.58,0.0
25.4,14.08,1.58,0.0
25.4,14.08,1.52,0.0
25.4,11.93,1.55,0.0
25.4,11.83,1.56,0.0
25.4,11.73,1.54,0.0
25.4,11.63,1.53,0.0
25.4,11.34,1.53,0.0
25.4,11.34,1.52,0.0
25.4,11.34,1.53,0.0
25.4,11.24,1.52,0.0
25.4,13.0,1.53,0.0
25.4,13.0,1.52,0.0
25.4,13.1,1.53,0.0
25.4,13.0,1.52,0.0
25.4,13.88,1.53,0.0
25.4,13.88,1.54,0.0
25.4,13.88,1.53,0.0
25.4,13.88,1.53,0.0
25.4,13.69,1.53,0.0
25.4,13.69,1.52,0.0
25.4,13.88,1.52,0.0
25.4,13.78,1.57,0.0
25.4,11.83,1.55,0.0
25.4,11.73,1.54,0.0
25.4,11.73,1.56,0.0
25.4,11.63,1.59,0.0
25.4,11.34,1.53,0.0
25.4,11.34,1.55,0.0
25.4,11.34,1.56,0.0
25.4,11.34,1.56,0.0
25.4,13.0,1.52,0.0
25.4,13.0,1.55,0.0
25.4,13.2,1.55,0.0
25.4,13.98,1.59,0.0
25.4,14.08,1.54,0.0
25.4,14.08,1.59,0.0
25.4,13.98,1.52,0.0
25.4,13.78,1.53,0.0
25.4,13.88,1.55,0.0
25.4,13.98,1.54,0.0
25.4,13.88,1.54,0.0
25.4,12.9,1.53,0.0
25.4,11.73,1.52,0.0
25.4,11.73,1.56,0.0
25.4,11.63,1.56,0.0
25.4,11.24,1.56,0.0
25.4,11.34,1.54,0.0
25.4,11.44,1.52,0.0
25.4,11.34,1.52,0.0
25.4,12.71,1.58,0.0
25.4,13.29,1.52,0.0
25.4,13.29,1.54,0.0
25.4,13.29,1.55,0.0
25.4,14.08,1.55,0.0
25.4,14.08,1.54,0.0
25.4,14.08,1.59,0.0
25.4,14.08,1.52,0.0
25.4,13.88,1.56,0.0
25.4,13.88,1.55,0.0
25.4,13.88,1.57,0.0
25.4,13.88,1.53,0.0
25.4,12.22,1.54,0.0
25.4,11.83,1.55,0.0
25.4,11.83,1.54,0.0
25.4,11.73,1.54,0.0
25.4,11.34,1.53,0.0
25.4,11.24,1.58,0.0
25.4,11.24,1.56,0.0
25.4,11.24,1.53,0.0
25.4,12.61,1.56,0.0
25.4,12.9,1.59,0.0
25.4,13.1,1.52,0.0
25.4,13.1,1.55,0.0
25.4,13.98,1.55,0.0
25.4,13.98,1.53,0.0
25.4,13.98,1.54,0.0
25.4,14.08,1.58,0.0
25.4,13.78,1.57,0.0
25.4,13.78,1.53,0.0
25.4,13.78,1.54,0.0
25.4,13.88,1.54,0.0
25.4,12.02,1.52,0.0
25.4,11.73,1.52,0.0
25.4,11.63,1.58,0.0
25.4,11.63,1.53,0.0
25.3,9.48,1.5,0.0
25.3,10.36,1.56,0.0
25.3,10.36,1.52,0.0
25.3,10.36,1.53,0.0
25.4,11.83,1.53,0.0
25.4,12.12,1.54,0.0
25.4,12.12,1.54,0.0
25.4,12.22,1.56,0.0
25.3,13.1,1.54,0.0
25.3,13.1,1.52,0.0
25.3,13.1,1.53,0.0
25.3,13.1,1.56,0.0
25.4,12.9,1.53,0.0
25.4,12.9,1.52,0.0
25.4,12.9,1.53,0.0
25.4,12.9,1.52,0.0
25.3,11.14,1.52,0.0
25.3,10.85,1.56,0.0
25.3,10.75,1.52,0.0
25.3,10.75,1.54,0.0
25.4,10.46,1.54,0.0
25.4,10.46,1.53,0.0
25.4,10.46,1.56,0.0
25.4,10.36,1.55,0.0
25.3,11.93,1.56,0.0
25.3,12.12,1.58,0.0
25.3,12.12,1.53,0.0
25.3,12.12,1.55,0.0
25.4,13.1,1.56,0.0
25.4,13.1,1.52,0.0
25.4,13.1,1.57,0.0
25.4,13.1,1.55,0.0
25.3,12.9,1.56,0.0
25.3,12.9,1.58,0.0
25.3,12.9,1.52,0.0
25.3,12.9,1.52,0.0
25.3,11.05,1.52,0.0
25.3,10.85,1.54,0.0
25.3,10.75,1.55,0.0
25.3,10.75,1.53,0.0
25.3,10.46,1.53,0.0
25.3,10.36,1.55,0.0
25.3,10.36,1.55,0.0
25.3,10.36,1.56,0.0
25.4,12.12,1.53,0.0
25.4,12.22,1.52,0.0
25.4,12.32,1.52,0.0
25.4,12.32,1.52,0.0
25.3,13.2,1.52,0.0
25.3,13.2,1.52,0.0
25.3,13.29,1.57,0.0
25.3,13.29,1.54,0.0
25.4,13.1,1.56,0.0
25.4,13.1,1.54,0.0
25.4,13.2,1.54,0.0
25.4,13.1,1.58,0.0
25.3,11.05,1.52,0.0
25.3,10.95,1.58,0.0
25.3,10.95,1.53,0.0
25.3,10.85,1.54,0.0
25.4,10.56,1.52,0.0
25.4,10.56,1.55,0.0
25.4,10.56,1.54,0.0
25.4,10.56,1.53,0.0
25.3,12.12,1.59,0.0
25.3,12.12,1.54,0.0
25.3,12.22,1.52,0.0
25.3,12.22,1.52,0.0
25.3,13.2,1.52,0.0
25.3,13.2,1.56,0.0
25.3,13.2,1.55,0.0
25.3,13.2,1.52,0.0
25.3,13.1,1.55,0.0
25.3,13.1,1.52,0.0
25.3,13.0,1.54,0.0
25.3,13.0,1.55,0.0
25.3,11.05,1.53,0.0
25.3,10.85,1.58,0.0
25.3,10.85,1.54,0.0
25.3,10.85,1.54,0.0
25.3,10.46,1.54,0.0
25.3,10.46,1.54,0.0
25.3,10.36,1.54,0.0
25.3,10.36,1.53,0.0
25.3,12.12,1.56,0.0
25.3,12.12,1.53,0.0
25.3,12.22,1.53,0.0
25.3,13.1,1.6,0.0
25.3,13.2,1.53,0.0
25.3,13.2,1.53,0.0
25.3,13.2,1.56,0.0
25.3,12.9,1.53,0.0
25.3,13.1,1.52,0.0
25.3,13.0,1.53,0.0
25.3,13.1,1.53,0.0
25.3,12.02,1.52,0.0
25.3,10.85,1.59,0.0
25.3,10.65,1.52,0.0
25.3,10.65,1.54,0.0
25.3,10.26,1.53,0.0
25.3,10.36,1.57,0.0
25.3,10.36,1.53,0.0
25.3,10.36,1.57,0.0
25.3,11.53,1.57,0.0
25.3,12.12,1.55,0.0
25.3,12.12,1.58,0.0
25.3,12.12,1.56,0.0
25.3,13.1,1.56,0.0
25.3,13.1,1.58,0.0
25.3,13.1,1.52,0.0
25.3,13.0,1.53,0.0
25.3,12.81,1.55,0.0
25.3,12.9,1.52,0.0
25.3,12.9,1.59,0.0
25.3,12.9,1.52,0.0
25.3,11.24,1.55,0.0
25.3,10.85,1.56,0.0
25.3,10.75,1.54,0.0
25.3,10.75,1.54,0.0
25.3,10.46,1.56,0.0
25.3,10.46,1.54,0.0
25.3,10.46,1.53,0.0
25.3,10.36,1.54,0.0
25.3,11.93,1.56,0.0
25.3,12.12,1.52,0.0
25.3,12.22,1.52,0.0
25.3,12.22,1.59,0.0
25.3,13.1,1.54,0.0
25.3,13.2,1.54,0.0
25.3,13.2,1.56,0.0
25.3,13.29,1.52,0.0
25.3,13.0,1.53,0.0
25.3,13.0,1.54,0.0
25.3,13.1,1.52,0.0
25.3,13.1,1.52,0.0
25.3,11.14,1.52,0.0
25.3,10.95,1.59,0.0
25.3,10.85,1.53,0.0
25.3,10.85,1.56,0.0
25.3,10.56,1.54,0.0
25.3,10.65,1.53,0.0
25.3,10.65,1.55,0.0
25.3,10.56,1.54,0.0
25.3,12.32,1.55,0.0
25.3,12.51,1.52,0.0
25.3,12.51,1.52,0.0
25.3,12.51,1.52,0.0
25.3,13.39,1.52,0.0
25.3,13.39,1.52,0.0
25.3,13.39,1.55,0.0
25.3,13.29,1.55,0.0
25.3,13.2,1.58,0.0
25.3,13.1,1.52,0.0
25.3,13.1,1.52,0.0
25.3,13.1,1.56,0.0
25.3,11.14,1.58,0.0
25.3,10.95,1.53,0.0
25.3,10.85,1.54,0.0
25.3,10.85,1.52,0.0
25.3,10.56,1.55,0.0
25.3,10.56,1.54,0.0
25.3,10.56,1.55,0.0
25.3,10.56,1.52,0.0
25.3,12.02,1.58,0.0
25.3,12.22,1.52,0.0
25.3,12.32,1.58,0.0
25.3,12.32,1.55,0.0
25.3,13.2,1.55,0.0
25.3,13.29,1.57,0.0
25.3,13.29,1.53,0.0
25.3,13.29,1.54,0.0
25.3,13.1,1.53,0.0
25.3,13.1,1.53,0.0
25.3,13.0,1.59,0.0
25.3,13.0,1.56,0.0
25.3,11.05,1.53,0.0
25.3,10.95,1.52,0.0
25.3,10.85,1.53,0.0
25.3,10.85,1.55,0.0
25.3,10.46,1.58,0.0
25.3,10.46,1.53,0.0
25.3,10.46,1.54,0.0
25.3,10.46,1.54,0.0
25.3,12.12,1.53,0.0
25.3,12.32,1.52,0.0
25.3,12.32,1.52,0.0
25.3,12.32,1.53,0.0
25.3,13.29,1.57,0.0
25.3,13.29,1.54,0.0
25.3,13.2,1.58,0.0
25.3,13.2,1.59,0.0
25.3,13.2,1.52,0.0
25.3,13.2,1.54,0.0
25.3,13.2,1.52,0.0
25.3,13.1,1.59,0.0
25.3,10.95,1.58,0.0
25.3,10.95,1.54,0.0
25.3,10.95,1.53,0.0
25.3,10.46,1.54,0.0
25.3,10.65,1.53,0.0
25.3,10.85,1.55,0.0
25.3,10.85,1.56,0.0
25.4,10.46,1.5,0.0
25.4,11.44,1.52,0.0
25.4,11.44,1.52,0.0
25.4,9.29,1.55,0.0
25.3,9.29,1.59,0.0
25.3,9.19,1.52,0.0
25.3,8.8,1.52,0.0
25.3,8.8,1.55,0.0
25.4,8.8,1.54,0.0
25.4,8.8,1.54,0.0
25.4,9.09,1.53,0.0
25.4,10.36,1.54,0.0
25.4,10.36,1.55,0.0
25.4,10.46,1.56,0.0
25.4,11.53,1.53,0.0
25.4,11.53,1.55,0.0
25.4,11.53,1.54,0.0
25.4,11.63,1.54,0.0
25.4,11.34,1.55,0.0
25.4,11.44,1.55,0.0
25.4,11.44,1.53,0.0
25.4,11.44,1.55,0.0
25.4,10.07,1.53,0.0
25.4,9.29,1.52,0.0
25.4,9.38,1.53,0.0
25.4,9.38,1.55,0.0
25.4,8.9,1.52,0.0
25.4,8.5,1.53,0.0
25.4,8.5,1.57,0.0
25.4,8.41,1.54,0.0
25.4,9.78,1.59,0.0
25.4,10.36,1.53,0.0
25.4,10.36,1.54,0.0
25.4,10.36,1.58,0.0
25.4,11.24,1.54,0.0
25.4,11.34,1.55,0.0
25.4,11.34,1.54,0.0
25.4,11.34,1.55,0.0
25.4,11.14,1.54,0.0
25.4,11.24,1.54,0.0
25.4,11.34,1.53,0.0
25.4,11.34,1.52,0.0
25.4,9.19,1.52,0.0
25.4,8.8,1.53,0.0
25.4,8.8,1.56,0.0
25.4,8.8,1.53,0.0
25.4,8.41,1.56,0.0
25.4,8.41,1.52,0.0
25.4,8.5,1.57,0.0
25.4,8.5,1.52,0.0
25.4,10.17,1.54,0.0
25.4,10.36,1.52,0.0
25.4,10.46,1.56,0.0
25.4,10.46,1.53,0.0
25.4,11.44,1.53,0.0
25.4,11.34,1.54,0.0
25.4,11.34,1.54,0.0
25.4,11.34,1.56,0.0
25.4,11.14,1.55,0.0
25.4,11.24,1.53,0.0
25.3,11.24,1.54,0.0
25.3,11.14,1.54,0.0
25.3,9.29,1.52,0.0
25.3,8.99,1.52,0.0
25.4,8.99,1.52,0.0
25.4,8.9,1.54,0.0
25.4,8.5,1.55,0.0
25.4,8.5,1.54,0.0
25.4,8.5,1.55,0.0
25.4,8.5,1.59,0.0
25.4,10.17,1.54,0.0
25.4,10.26,1.52,0.0
25.4,10.36,1.52,0.0
25.4,10.36,1.56,0.0
25.4,11.63,1.56,0.0
25.4,11.63,1.55,0.0
25.4,11.53,1.53,0.0
25.4,11.53,1.55,0.0
25.4,11.34,1.53,0.0
25.4,11.34,1.54,0.0
25.4,11.34,1.53,0.0
25.4,11.44,1.56,0.0
25.4,9.38,1.55,0.0
25.4,9.29,1.59,0.0
25.4,9.19,1.52,0.0
25.4,9.19,1.56,0.0
25.4,8.9,1.52,0.0
25.4,8.8,1.52,0.0
25.4,8.8,1.58,0.0
25.4,8.8,1.52,0.0
25.4,10.56,1.56,0.0
25.4,10.75,1.52,0.0
25.4,10.75,1.53,0.0
25.4,10.85,1.55,0.0
25.4,11.73,1.59,0.0
25.4,11.63,1.55,0.0
25.4,11.63,1.54,0.0
25.4,11.63,1.54,0.0
25.4,11.53,1.54,0.0
25.4,11.53,1.55,0.0
25.4,11.53,1.54,0.0
25.4,11.44,1.53,0.0
25.4,9.29,1.52,0.0
25.4,9.19,1.54,0.0
25.4,9.19,1.52,0.0
25.4,9.19,1.52,0.0
25.4,8.8,1.6,0.0
25.4,8.8,1.57,0.0
25.4,8.8,1.55,0.0
25.4,8.9,1.54,0.0
25.4,10.56,1.55,0.0
25.4,10.65,1.56,0.0
25.4,10.75,1.56,0.0
25.4,10.75,1.53,0.0
25.4,11.73,1.54,0.0
25.4,11.63,1.54,0.0
25.4,11.73,1.56,0.0
25.4,11.53,1.53,0.0
25.4,11.73,1.55,0.0
25.4,11.83,1.54,0.0
25.4,11.73,1.55,0.0
25.4,11.24,1.54,0.0
25.4,9.68,1.53,0.0
25.4,9.48,1.52,0.0
25.4,9.38,1.6,0.0
25.4,8.8,1.56,0.0
25.4,8.99,1.53,0.0
25.4,8.99,1.59,0.0
25.4,8.9,1.52,0.0
25.4,9.97,1.52,0.0
25.4,10.65,1.52,0.0
25.4,10.75,1.6,0.0
25.4,10.85,1.56,0.0
25.4,11.73,1.59,0.0
25.4,11.73,1.56,0.0
25.4,11.73,1.56,0.0
25.4,11.83,1.53,0.0
25.4,11.63,1.56,0.0
25.4,11.63,1.55,0.0
25.4,11.73,1.56,0.0
25.4,11.63,1.53,0.0
25.4,9.78,1.53,0.0
25.4,9.19,1.52,0.0
25.4,9.09,1.59,0.0
25.4,9.09,1.59,0.0
25.4,8.7,1.59,0.0
25.4,8.7,1.59,0.0
25.4,8.7,1.52,0.0
25.4,8.7,1.54,0.0
25.4,10.17,1.54,0.0
25.4,10.36,1.52,0.0
25.4,10.46,1.54,0.0
25.4,10.46,1.54,0.0
25.4,11.44,1.54,0.0
25.4,11.44,1.54,0.0
25.4,11.44,1.54,0.0
25.4,11.44,1.56,0.0
25.4,11.24,1.58,0.0
25.4,11.24,1.54,0.0
25.4,11.34,1.54,0.0
25.4,11.34,1.54,0.0
25.4,9.38,1.56,0.0
25.4,9.09,1.52,0.0
25.4,9.09,1.56,0.0
25.4,8.99,1.52,0.0
25.4,8.6,1.57,0.0
25.4,8.41,1.55,0.0
25.4,8.31,1.53,0.0
25.4,8.41,1.52,0.0
25.4,9.97,1.55,0.0
25.4,10.07,1.52,0.0
25.4,10.26,1.59,0.0
25.4,10.26,1.53,0.0
25.4,11.24,1.54,0.0
25.4,11.24,1.53,0.0
25.4,11.24,1.56,0.0
25.4,11.34,1.53,0.0
25.4,11.63,1.55,0.0
25.4,11.63,1.53,0.0
25.4,11.73,1.53,0.0
25.4,11.83,1.52,0.0
25.4,9.78,1.53,0.0
25.4,9.58,1.56,0.0
25.4,9.38,1.52,0.0
25.4,9.48,1.53,0.0
25.4,9.19,1.52,0.0
25.4,9.19,1.59,0.0
25.4,9.19,1.59,0.0
25.4,9.19,1.52,0.0
25.4,10.95,1.54,0.0
25.4,11.14,1.53,0.0
25.4,11.14,1.6,0.0
25.4,11.14,1.52,0.0
25.4,11.93,1.52,0.0
25.4,12.02,1.57,0.0
25.4,12.02,1.56,0.0
25.3,12.02,1.56,0.0
25.3,11.83,1.53,0.0
25.3,11.83,1.55,0.0
25.3,11.73,1.53,0.0
25.4,11.73,1.52,0.0
25.4,9.58,1.52,0.0
25.4,9.48,1.55,0.0
25.4,9.38,1.52,0.0
25.3,9.38,1.6,0.0
25.3,9.09,1.55,0.0
25.3,9.09,1.52,0.0
25.3,9.09,1.58,0.0
25.4,9.09,1.52,0.0
25.4,10.65,1.54,0.0
25.4,10.75,1.52,0.0
25.4,10.85,1.6,0.0
25.4,10.85,1.52,0.0
25.4,11.83,1.53,0.0
25.4,11.83,1.53,0.0
25.4,11.83,1.54,0.0
25.4,11.83,1.53,0.0
25.4,11.63,1.56,0.0
25.4,11.63,1.53,0.0
25.4,11.63,1.53,0.0
25.4,11.73,1.54,0.0
25.4,9.58,1.53,0.0
25.4,9.48,1.52,0.0
25.4,9.48,1.52,0.0
25.4,9.48,1.52,0.0
25.4,9.09,1.6,0.0
25.4,9.09,1.53,0.0
25.4,9.09,1.52,0.0
25.4,9.29,1.53,0.0
25.4,10.85,1.52,0.0
25.4,10.95,1.54,0.0
25.4,11.05,1.56,0.0
25.4,12.02,1.52,0.0
25.4,11.93,1.58,0.0
25.4,11.93,1.54,0.0
25.4,11.93,1.54,0.0
25.4,11.73,1.53,0.0
25.4,11.83,1.56,0.0
25.4,11.83,1.55,0.0
25.4,11.83,1.53,0.0
25.4,10.46,1.54,0.0
25.4,9.48,1.53,0.0
25.4,9.38,1.52,0.0
25.4,8.9,1.56,0.0
25.4,8.41,1.56,0.0
25.4,8.5,1.53,0.0
25.4,8.5,1.55,0.0
25.4,8.5,1.53,0.0
25.4,9.78,1.55,0.0
25.4,10.17,1.53,0.0
25.4,10.26,1.52,0.0
25.4,10.26,1.58,0.0
25.3,11.34,1.53,0.0
25.3,11.24,1.53,0.0
25.3,11.24,1.52,0.0
25.3,11.24,1.52,0.0
25.4,11.14,1.54,0.0
25.4,11.24,1.53,0.0
25.4,11.14,1.54,0.0
25.4,11.14,1.55,0.0
25.4,9.38,1.53,0.0
25.4,8.99,1.52,0.0
25.4,8.9,1.52,0.0
25.4,8.99,1.53,0.0
25.3,8.41,1.58,0.0
25.3,8.41,1.55,0.0
25.3,8.41,1.56,0.0
25.3,8.41,1.56,0.0
25.4,9.97,1.54,0.0
25.4,10.17,1.55,0.0
25.4,10.36,1.52,0.0
25.4,10.36,1.52,0.0
25.4,11.34,1.54,0.0
25.4,11.34,1.54,0.0
25.4,11.34,1.53,0.0
25.4,11.34,1.59,0.0
25.4,11.24,1.56,0.0
25.4,11.24,1.54,0.0
25.4,11.24,1.54,0.0
25.4,11.34,1.53,0.0
25.4,9.19,1.52,0.0
25.4,8.9,1.56,0.0
25.4,8.8,1.55,0.0
25.4,8.7,1.53,0.0
25.4,8.5,1.53,0.0
25.4,8.5,1.56,0.0
25.4,8.5,1.52,0.0
25.4,8.5,1.53,0.0
25.4,10.65,1.59,0.0
25.4,10.85,1.6,0.0
25.4,10.95,1.55,0.0
25.4,10.85,1.56,0.0
25.4,11.83,1.56,0.0
25.4,11.93,1.55,0.0
25.4,11.83,1.55,0.0
25.4,11.83,1.54,0.0
25.4,11.63,1.53,0.0
25.4,11.14,1.55,0.0
25.4,11.14,1.54,0.0
25.4,11.14,1.52,0.0
25.3,9.19,1.59,0.0
25.3,8.99,1.58,0.0
25.3,8.9,1.53,0.0
25.3,8.9,1.54,0.0
25.4,8.6,1.54,0.0
25.4,8.6,1.54,0.0
25.4,8.5,1.53,0.0
25.4,8.5,1.53,0.0
25.4,10.17,1.53,0.0
25.4,10.17,1.59,0.0
25.4,10.26,1.52,0.0
25.4,10.36,1.52,0.0
25.4,11.34,1.55,0.0
25.4,11.34,1.58,0.0
25.4,11.34,1.56,0.0
25.4,11.34,1.54,0.0
25.4,11.14,1.54,0.0
25.4,11.14,1.54,0.0
25.4,11.14,1.56,0.0
25.4,11.24,1.52,0.0
25.4,9.09,1.55,0.0
25.4,9.38,1.53,0.0
25.4,9.38,1.54,0.0
25.4,9.38,1.52,0.0
25.4,9.09,1.6,0.0
25.4,9.09,1.56,0.0
25.4,9.09,1.52,0.0
25.4,9.09,1.52,0.0
25.3,10.85,1.52,0.0
25.3,11.05,1.56,0.0
25.3,11.14,1.6,0.0
25.3,11.05,1.52,0.0
25.3,12.02,1.52,0.0
25.3,11.93,1.53,0.0
25.3,12.02,1.59,0.0
25.3,11.73,1.55,0.0
25.4,11.83,1.55,0.0
25.4,11.73,1.54,0.0
25.4,11.73,1.53,0.0
25.4,11.24,1.53,0.0
25.4,9.58,1.58,0.0
25.4,9.48,1.52,0.0
25.4,9.48,1.52,0.0
25.4,8.9,1.59,0.0
25.4,9.09,1.54,0.0
25.4,9.09,1.55,0.0
25.4,9.09,1.59,0.0
25.4,10.07,1.52,0.0
25.3,10.75,1.59,0.0
25.3,10.75,1.52,0.0
25.3,10.85,1.59,0.0
25.3,11.83,1.54,0.0
25.4,11.93,1.54,0.0
25.4,11.93,1.53,0.0
25.4,11.93,1.6,0.0
25.4,11.63,1.57,0.0
25.3,11.73,1.53,0.0
25.3,11.73,1.55,0.0
25.3,11.73,1.55,0.0
25.3,10.17,1.56,0.0
25.3,9.68,1.59,0.0
25.3,9.58,1.52,0.0
25.3,9.48,1.55,0.0
25.3,9.09,1.59,0.0
25.3,9.19,1.56,0.0
25.3,9.09,1.56,0.0
25.3,9.09,1.53,0.0
25.3,10.65,1.52,0.0
25.4,10.95,1.54,0.0
25.4,10.95,1.53,0.0
25.4,11.05,1.54,0.0
25.4,12.02,1.59,0.0
25.3,12.02,1.52,0.0
25.3,12.02,1.54,0.0
25.3,12.02,1.52,0.0
25.3,11.83,1.54,0.0
25.3,11.93,1.54,0.0
25.3,11.93,1.55,0.0
25.3,12.02,1.55,0.0
25.3,9.87,1.57,0.0
25.3,9.58,1.52,0.0
25.3,9.48,1.52,0.0
25.3,9.48,1.54,0.0
25.3,9.19,1.52,0.0
25.3,9.19,1.54,0.0
25.3,9.09,1.58,0.0
25.3,9.19,1.57,0.0
25.3,10.75,1.52,0.0
25.4,10.85,1.52,0.0
25.4,10.95,1.55,0.0
25.4,11.05,1.56,0.0
25.4,11.93,1.52,0.0
25.4,11.83,1.6,0.0
25.4,11.93,1.52,0.0
25.4,11.93,1.52,0.0
25.4,11.73,1.58,0.0
25.4,11.73,1.53,0.0
25.4,11.73,1.53,0.0
25.4,11.73,1.55,0.0
25.4,9.68,1.56,0.0
25.3,9.58,1.57,0.0
25.3,9.58,1.52,0.0
25.3,9.48,1.55,0.0
25.3,9.09,1.52,0.0
25.3,9.09,1.56,0.0
25.3,9.19,1.55,0.0
25.3,9.09,1.52,0.0
25.3,10.75,1.53,0.0
25.4,10.95,1.55,0.0
25.4,10.85,1.55,0.0
25.4,10.95,1.52,0.0
25.4,11.93,1.53,0.0
25.3,11.93,1.58,0.0
25.3,11.93,1.55,0.0
25.3,11.93,1.58,0.0
25.3,11.73,1.53,0.0
25.4,11.83,1.56,0.0
25.4,11.83,1.53,0.0
25.4,11.83,1.54,0.0
25.4,9.68,1.54,0.0
25.3,9.58,1.59,0.0
25.3,9.48,1.52,0.0
25.3,9.48,1.52,0.0
25.3,9.19,1.52,0.0
25.3,9.19,1.56,0.0
25.3,9.09,1.54,0.0
25.3,9.19,1.52,0.0
25.3,10.95,1.54,0.0
25.3,11.14,1.54,0.0
25.3,11.14,1.53,0.0
25.3,11.14,1.55,0.0
25.3,12.02,1.56,0.0
25.3,12.02,1.59,0.0
25.3,12.02,1.52,0.0
25.3,12.02,1.56,0.0
25.3,11.83,1.53,0.0
25.3,11.83,1.53,0.0
25.3,11.73,1.54,0.0
25.3,11.83,1.54,0.0
25.3,9.68,1.54,0.0
25.4,9.58,1.52,0.0
25.4,9.48,1.52,0.0
25.4,9.19,1.52,0.0
25.4,9.19,1.53,0.0
25.4,9.29,1.56,0.0
25.4,9.19,1.52,0.0
25.4,9.48,1.53,0.0
25.4,10.75,1.52,0.0
25.3,10.95,1.55,0.0
25.3,10.95,1.56,0.0
25.3,12.02,1.55,0.0
25.3,11.93,1.53,0.0
25.3,12.02,1.52,0.0
25.3,12.02,1.52,0.0
25.3,11.73,1.58,0.0
25.3,11.73,1.55,0.0
25.3,11.83,1.59,0.0
25.3,11.73,1.53,0.0
25.3,10.46,1.53,0.0
25.3,9.38,1.54,0.0
25.3,9.09,1.52,0.0
25.3,8.99,1.54,0.0
25.3,8.41,1.58,0.0
25.3,8.5,1.55,0.0
25.4,8.5,1.56,0.0
25.4,8.5,1.53,0.0
25.4,9.87,1.55,0.0
25.4,10.26,1.59,0.0
25.4,10.46,1.54,0.0
25.4,10.46,1.55,0.0
25.4,11.34,1.54,0.0
25.4,11.44,1.52,0.0
25.3,11.44,1.56,0.0
25.3,11.44,1.53,0.0
25.3,11.34,1.58,0.0
25.3,11.34,1.54,0.0
25.3,11.44,1.54,0.0
25.3,11.44,1.54,0.0
25.3,9.38,1.53,0.0
25.3,8.99,1.54,0.0
25.4,8.99,1.58,0.0
25.4,8.9,1.59,0.0
25.4,8.5,1.54,0.0
25.4,8.6,1.55,0.0
25.3,8.5,1.53,0.0
25.3,8.5,1.54,0.0
25.3,10.07,1.52,0.0
25.3,10.26,1.52,0.0
25.4,10.26,1.52,0.0
25.4,10.26,1.52,0.0
25.4,11.44,1.57,0.0
25.4,11.53,1.55,0.0
25.3,11.63,1.54,0.0
25.3,11.63,1.53,0.0
25.3,11.44,1.55,0.0
25.3,11.53,1.53,0.0
25.3,11.53,1.59,0.0
25.3,11.53,1.53,0.0
25.3,9.58,1.52,0.0
25.3,9.38,1.54,0.0
25.4,9.29,1.6,0.0
25.4,9.29,1.56,0.0
25.4,8.99,1.52,0.0
25.4,8.9,1.52,0.0
25.3,8.9,1.54,0.0
25.3,8.9,1.54,0.0
25.3,10.46,1.56,0.0
25.3,10.65,1.55,0.0
25.3,10.75,1.54,0.0
25.3,10.75,1.55,0.0
25.3,11.73,1.54,0.0
25.3,11.83,1.54,0.0
25.4,11.73,1.54,0.0
25.4,11.73,1.53,0.0
25.4,11.53,1.58,0.0
25.4,11.63,1.53,0.0
25.3,11.63,1.55,0.0
25.3,11.63,1.55,0.0
25.3,9.58,1.54,0.0
25.3,9.29,1.59,0.0
25.3,9.29,1.52,0.0
25.3,9.29,1.55,0.0
25.3,8.9,1.59,0.0
25.3,8.99,1.54,0.0
25.3,8.99,1.52,0.0
25.3,8.99,1.59,0.0
25.3,10.75,1.53,0.0
25.3,10.95,1.55,0.0
25.4,10.95,1.53,0.0
25.4,10.95,1.53,0.0
25.4,11.83,1.54,0.0
25.4,11.83,1.53,0.0
25.3,11.83,1.54,0.0
25.3,11.83,1.54,0.0
25.3,11.73,1.54,0.0
25.3,11.63,1.55,0.0
25.4,11.63,1.54,0.0
25.4,11.53,1.56,0.0
25.4,9.48,1.56,0.0
25.4,9.29,1.57,0.0
25.3,9.29,1.6,0.0
25.3,9.19,1.52,0.0
25.3,8.9,1.52,0.0
25.3,8.9,1.55,0.0
25.3,8.9,1.55,0.0
25.3,8.99,1.58,0.0
25.3,10.56,1.53,0.0
25.3,10.65,1.52,0.0
25.3,10.75,1.56,0.0
25.3,11.53,1.56,0.0
25.3,11.73,1.53,0.0
25.3,11.53,1.56,0.0
25.3,11.53,1.54,0.0
25.3,11.14,1.54,0.0
25.3,11.14,1.54,0.0
25.3,11.14,1.56,0.0
25.3,11.14,1.59,0.0
25.3,10.46,1.52,0.0
25.3,9.09,1.58,0.0
25.3,8.99,1.6,0.0
25.3,8.9,1.52,0.0
25.3,8.41,1.55,0.0
25.3,8.6,1.61,0.0
25.3,8.6,1.54,0.0
25.4,8.6,1.55,0.0
25.4,9.78,1.57,0.0
25.4,10.46,1.55,0.0
25.4,10.46,1.55,0.0
25.3,10.56,1.53,0.0
25.3,11.53,1.58,0.0
25.3,11.63,1.54,0.0
25.3,11.63,1.53,0.0
25.3,11.73,1.53,0.0
25.3,11.53,1.55,0.0
25.3,11.44,1.55,0.0
25.3,11.73,1.53,0.0
25.3,11.73,1.58,0.0
25.3,9.68,1.56,0.0
25.3,9.09,1.52,0.0
25.3,8.9,1.6,0.0
25.4,8.9,1.55,0.0
25.4,8.8,1.56,0.0
25.4,8.8,1.58,0.0
25.4,8.8,1.52,0.0
25.3,8.8,1.53,0.0
25.3,10.17,1.56,0.0
25.3,10.46,1.58,0.0
25.3,10.46,1.55,0.0
25.3,10.56,1.56,0.0
25.3,11.53,1.58,0.0
25.3,11.44,1.53,0.0
25.3,11.53,1.56,0.0
25.3,11.53,1.53,0.0
25.3,11.44,1.56,0.0
25.3,11.53,1.55,0.0
25.3,11.53,1.55,0.0
25.3,11.63,1.54,0.0
25.3,9.58,1.54,0.0
25.3,9.48,1.52,0.0
25.3,9.48,1.58,0.0
25.3,9.38,1.59,0.0
25.3,8.9,1.52,0.0
25.3,8.9,1.6,0.0
25.3,8.9,1.58,0.0
25.3,8.9,1.55,0.0
25.3,10.56,1.53,0.0
25.3,10.65,1.53,0.0
25.3,10.75,1.55,0.0
25.3,10.85,1.55,0.0
25.3,11.73,1.54,0.0
25.3,11.73,1.57,0.0
25.3,11.83,1.53,0.0
25.3,11.83,1.56,0.0
25.3,11.63,1.53,0.0
25.3,11.63,1.53,0.0
25.3,11.63,1.54,0.0
25.4,11.73,1.54,0.0
25.4,9.48,1.54,0.0
25.4,9.29,1.52,0.0
25.4,9.29,1.55,0.0
25.3,9.19,1.52,0.0
25.3,8.99,1.53,0.0
25.3,8.9,1.52,0.0
25.3,8.99,1.52,0.0
25.4,8.99,1.58,0.0
25.4,10.65,1.56,0.0
25.4,10.75,1.55,0.0
25.4,10.75,1.53,0.0
25.3,10.75,1.56,0.0
25.3,11.73,1.53,0.0
25.3,11.73,1.59,0.0
25.3,11.73,1.56,0.0
25.3,11.73,1.53,0.0
25.3,11.53,1.6,0.0
25.3,11.53,1.58,0.0
25.3,11.53,1.59,0.0
25.3,11.53,1.54,0.0
25.3,9.38,1.55,0.0
25.3,9.29,1.52,0.0
25.3,9.19,1.59,0.0
25.3,9.19,1.52,0.0
25.3,8.9,1.56,0.0
25.3,8.9,1.55,0.0
25.3,8.9,1.55,0.0
25.3,8.9,1.54,0.0
25.3,10.56,1.55,0.0
25.3,10.65,1.56,0.0
25.3,10.65,1.53,0.0
25.3,10.75,1.54,0.0
25.3,11.63,1.53,0.0
25.3,11.63,1.58,0.0
25.3,11.63,1.54,0.0
25.3,11.63,1.56,0.0
25.3,11.44,1.55,0.0
25.3,11.44,1.55,0.0
25.3,11.24,1.53,0.0
25.3,11.24,1.52,0.0
25.3,9.09,1.55,0.0
25.3,8.99,1.56,0.0
25.3,8.9,1.52,0.0
25.3,8.41,1.52,0.0
25.3,8.6,1.54,0.0
25.3,8.6,1.57,0.0
25.3,8.6,1.55,0.0
25.3,9.29,1.56,0.0
25.3,10.36,1.52,0.0
25.3,10.56,1.53,0.0
25.3,10.65,1.53,0.0
25.3,12.02,1.56,0.0
25.3,12.02,1.55,0.0
25.3,12.02,1.58,0.0
25.3,12.12,1.6,0.0
25.3,11.93,1.53,0.0
25.3,11.93,1.59,0.0
25.3,11.93,1.56,0.0
25.3,11.93,1.54,0.0
25.3,10.46,1.54,0.0
25.3,9.78,1.54,0.0
25.3,9.68,1.52,0.0
25.3,9.68,1.59,0.0
25.4,9.29,1.6,0.0
25.4,9.29,1.52,0.0
25.4,9.29,1.53,0.0
25.4,9.29,1.53,0.0
25.3,10.56,1.58,0.0
25.3,10.85,1.53,0.0
25.3,10.85,1.54,0.0
25.3,10.95,1.54,0.0
25.3,11.93,1.53,0.0
25.3,12.02,1.53,0.0
25.3,11.93,1.58,0.0
25.3,12.02,1.54,0.0
25.4,11.83,1.52,0.0
25.4,11.83,1.56,0.0
25.4,11.83,1.56,0.0
25.4,11.83,1.55,0.0
25.3,10.07,1.54,0.0
25.3,9.78,1.59,0.0
25.3,9.68,1.56,0.0
25.3,9.68,1.52,0.0
25.3,9.19,1.52,0.0
25.3,9.19,1.52,0.0
25.3,9.19,1.56,0.0
25.3,9.19,1.52,0.0
25.3,10.85,1.56,0.0
25.3,10.95,1.54,0.0
25.3,11.05,1.55,0.0
25.3,11.14,1.58,0.0
25.3,12.02,1.52,0.0
25.3,12.02,1.58,0.0
25.3,12.02,1.59,0.0
25.3,12.02,1.53,0.0
25.3,11.93,1.52,0.0
25.3,11.93,1.55,0.0
25.3,12.02,1.54,0.0
25.3,12.02,1.52,0.0
25.3,9.78,1.52,0.0
25.3,9.68,1.52,0.0
25.3,9.58,1.52,0.0
25.3,9.58,1.52,0.0
25.3,9.19,1.52,0.0
25.3,9.29,1.58,0.0
25.3,9.19,1.59,0.0
25.3,9.29,1.52,0.0
25.3,10.85,1.59,0.0
25.3,10.95,1.52,0.0
25.3,11.05,1.53,0.0
25.3,11.05,1.59,0.0
25.3,11.93,1.52,0.0
25.3,11.93,1.55,0.0
25.3,11.93,1.54,0.0
25.3,11.73,1.53,0.0
25.3,11.53,1.53,0.0
25.3,11.53,1.55,0.0
25.3,11.44,1.59,0.0
25.3,11.83,1.54,0.0
25.3,9.78,1.55,0.0
25.3,9.68,1.56,0.0
25.3,9.68,1.52,0.0
25.3,9.58,1.52,0.0
25.3,9.29,1.52,0.0
25.3,9.29,1.52,0.0
25.3,9.19,1.56,0.0
25.3,9.19,1.6,0.0
25.4,10.85,1.53,0.0
25.4,10.95,1.55,0.0
25.4,10.95,1.56,0.0
25.4,11.05,1.56,0.0
25.3,12.02,1.58,0.0
25.3,12.12,1.53,0.0
25.3,12.02,1.55,0.0
25.3,12.12,1.56,0.0
25.3,11.93,1.52,0.0
25.3,11.93,1.52,0.0
25.3,11.93,1.52,0.0
25.3,11.93,1.52,0.0
25.3,9.78,1.52,0.0
25.3,9.68,1.59,0.0
25.3,9.58,1.52,0.0
25.3,9.58,1.52,0.0
25.3,9.29,1.54,0.0
25.3,9.29,1.52,0.0
25.3,9.29,1.58,0.0
25.3,9.29,1.58,0.0
25.3,11.05,1.52,0.0
25.3,11.14,1.58,0.0
25.3,11.14,1.57,0.0
25.3,12.02,1.58,0.0
25.3,12.12,1.53,0.0
25.3,12.02,1.52,0.0
25.3,12.12,1.52,0.0
25.3,11.83,1.59,0.0
25.3,11.93,1.55,0.0
25.3,11.83,1.54,0.0
25.3,11.93,1.55,0.0
25.3,11.05,1.59,0.0
25.3,9.78,1.52,0.0
25.3,9.68,1.54,0.0
25.3,9.58,1.6,0.0
25.3,9.19,1.53,0.0
25.4,9.29,1.58,0.0
25.4,9.29,1.55,0.0
25.4,9.29,1.52,0.0
25.4,10.26,1.56,0.0
25.3,10.85,1.56,0.0
25.3,10.95,1.54,0.0
25.3,10.95,1.56,0.0
25.3,11.93,1.53,0.0
25.4,11.93,1.53,0.0
25.4,11.93,1.54,0.0
25.4,12.02,1.54,0.0
25.4,11.73,1.52,0.0
25.3,11.73,1.59,0.0
25.3,11.83,1.55,0.0
25.3,11.73,1.54,0.0
25.3,10.17,1.52,0.0
25.3,9.78,1.52,0.0
25.3,9.58,1.58,0.0
25.3,9.48,1.58,0.0
25.3,9.09,1.57,0.0
25.3,9.09,1.52,0.0
25.3,9.19,1.53,0.0
25.3,9.19,1.59,0.0
25.3,9.58,1.87,0.41
25.3,9.97,1.78,0.32
25.3,10.46,1.68,0.22
25.3,10.56,1.73,0.22
25.3,11.34,1.67,0.22
25.3,11.34,1.67,0.22
25.3,11.34,1.69,0.22
25.3,11.44,1.69,0.22
25.3,11.34,1.67,0.22
25.3,11.24,1.73,0.22
25.3,11.34,1.67,0.22
25.3,11.34,1.74,0.22
25.3,9.38,1.74,0.22
25.3,9.19,1.7,0.22
25.3,8.99,1.69,0.22
25.3,9.09,1.7,0.22
25.3,8.7,1.75,0.22
25.3,8.6,1.75,0.22
25.3,8.6,1.72,0.22
25.3,8.7,1.68,0.23
25.3,10.17,1.7,0.23
25.3,10.17,1.7,0.22
25.3,10.36,1.74,0.23
25.3,10.36,1.71,0.23
25.3,11.24,1.68,0.23
25.3,11.14,1.72,0.23
25.3,11.34,1.69,0.24
25.3,11.24,1.74,0.24
25.3,11.14,1.71,0.24
25.3,10.95,1.75,0.24
25.3,11.14,1.7,0.25
25.3,11.14,1.7,0.25
25.3,9.19,1.73,0.25
25.4,8.9,1.7,0.25
25.4,8.9,1.72,0.26
25.4,8.9,1.7,0.26
25.4,8.6,1.76,0.26
25.3,8.41,1.73,0.26
25.3,8.5,1.71,0.26
25.3,8.6,1.73,0.26
25.3,10.07,1.73,0.26
25.4,10.07,1.76,0.25
25.4,10.26,1.78,0.26
25.4,10.26,1.75,0.26
25.4,11.24,1.7,0.26
25.3,11.14,1.7,0.26
25.3,11.24,1.72,0.26
25.3,11.34,1.71,0.25
25.3,11.14,1.7,0.25
25.3,11.14,1.7,0.25
25.3,11.24,1.76,0.26
25.3,11.24,1.7,0.26
25.3,9.29,1.72,0.26
25.3,8.99,1.71,0.26
25.3,8.99,1.74,0.26
25.3,8.99,1.76,0.26
25.3,8.7,1.76,0.25
25.3,8.7,1.72,0.25
25.3,8.7,1.73,0.27
25.3,8.6,1.72,0.27
25.3,10.36,1.77,0.27
25.3,10.36,1.71,0.27
25.3,10.36,1.71,0.27
25.3,10.46,1.78,0.27
25.3,11.24,1.73,0.28
25.3,11.14,1.77,0.28
25.3,11.24,1.75,0.29
25.3,11.24,1.75,0.29
25.3,11.14,1.74,0.29
25.3,10.95,1.75,0.29
25.3,11.05,1.72,0.25
25.3,11.14,1.76,0.26
25.3,9.19,1.78,0.25
25.4,8.99,1.72,0.26
25.4,8.9,1.75,0.3
25.4,8.41,1.79,0.32
25.4,8.5,1.75,0.32
25.4,8.5,1.78,0.33
25.4,8.6,1.76,0.3
25.4,9.09,1.81,0.31
25.4,10.07,1.76,0.31
25.3,10.07,1.74,0.31
25.3,10.36,1.75,0.3
25.3,11.24,1.73,0.3
25.3,11.24,1.75,0.3
25.3,11.14,1.73,0.3
25.3,11.24,1.77,0.31
25.3,10.95,1.79,0.31
25.3,11.05,1.74,0.31
25.3,10.85,1.76,0.31
25.3,11.05,1.74,0.31
25.3,9.68,1.76,0.31
25.3,8.99,1.76,0.31
25.3,8.9,1.74,0.31
25.3,8.9,1.74,0.31
25.3,8.5,1.74,0.31
25.3,8.6,1.73,0.31
25.3,8.6,1.74,0.3
25.3,8.6,1.73,0.31
25.3,9.87,1.81,0.3
25.3,10.26,1.77,0.31
25.3,10.26,1.74,0.31
25.3,10.36,1.81,0.31
25.3,11.24,1.74,0.31
25.3,11.24,1.74,0.31
25.3,10.65,1.75,0.31
25.3,10.75,1.73,0.3
25.3,10.75,1.74,0.3
25.3,10.85,1.78,0.31
25.3,10.65,1.75,0.3
25.3,10.75,1.74,0.31
25.3,8.9,1.74,0.31
25.3,8.5,1.74,0.31
25.3,8.41,1.74,0.31
25.3,8.5,1.74,0.32
25.3,8.21,1.81,0.32
25.3,8.21,1.77,0.32
25.3,8.11,1.79,0.32
25.3,8.11,1.75,0.31
25.3,9.48,1.77,0.31
25.3,9.68,1.74,0.31
25.3,9.68,1.77,0.31
25.3,9.78,1.76,0.3
25.3,10.65,1.8,0.31
25.3,10.65,1.77,0.31
25.3,10.65,1.74,0.3
25.3,10.75,1.74,0.31
25.3,10.65,1.79,0.31
25.3,10.65,1.77,0.31
25.3,10.56,1.81,0.31
25.3,10.65,1.79,0.3
25.3,8.8,1.74,0.31
25.3,8.6,1.77,0.31
25.3,8.41,1.74,0.31
25.3,8.5,1.74,0.3
25.3,8.11,1.78,0.31
25.3,8.11,1.75,0.31
25.3,8.02,1.74,0.31
25.3,8.11,1.77,0.31
25.3,9.58,1.81,0.31
25.3,9.78,1.74,0.31
25.3,9.78,1.74,0.31
25.3,9.87,1.8,0.31
25.3,10.75,1.74,0.3
25.3,10.75,1.74,0.3
25.3,10.75,1.78,0.3
25.3,10.85,1.76,0.3
25.3,10.65,1.76,0.31
25.3,10.75,1.8,0.3
25.3,10.65,1.77,0.31
25.3,10.75,1.73,0.31
25.3,8.6,1.73,0.31
25.3,8.5,1.79,0.31
25.3,8.31,1.74,0.31
25.3,8.41,1.76,0.31
25.3,8.21,1.75,0.31
25.3,8.11,1.8,0.31
25.3,8.6,1.73,0.31
25.3,8.7,1.73,0.3
25.3,10.26,1.74,0.3
25.3,10.46,1.73,0.3
25.3,10.36,1.75,0.3
25.3,10.36,1.74,0.31
25.3,11.34,1.74,0.3
25.3,11.34,1.75,0.31
25.3,11.14,1.74,0.31
25.3,11.24,1.76,0.31
25.3,11.24,1.78,0.31
25.3,11.14,1.75,0.31
25.3,11.05,1.73,0.31
25.3,10.85,1.76,0.31
25.3,8.9,1.8,0.31
25.3,8.7,1.76,0.31
25.3,8.6,1.81,0.31
25.3,8.6,1.81,0.31
25.3,8.5,1.81,0.31
25.3,8.41,1.77,0.31
25.3,8.31,1.76,0.31
25.3,8.41,1.75,0.31
25.3,9.87,1.79,0.31
25.3,9.97,1.77,0.31
25.3,9.97,1.77,0.31
25.3,10.75,1.78,0.31
25.3,10.95,1.73,0.31
25.3,10.85,1.8,0.31
25.3,10.75,1.8,0.31
25.3,10.65,1.73,0.31
25.3,10.75,1.74,0.31
25.3,10.75,1.74,0.31
25.3,10.65,1.77,0.31
25.3,9.97,1.81,0.31
25.3,8.7,1.78,0.31
25.3,8.6,1.77,0.31
25.3,8.5,1.76,0.31
25.3,8.31,1.78,0.31
25.3,8.31,1.79,0.31
25.3,8.31,1.76,0.31
25.3,8.21,1.79,0.31
25.3,9.38,1.77,0.31
25.3,9.97,1.75,0.31
25.3,10.17,1.74,0.31
25.3,10.07,1.74,0.31
25.3,11.05,1.74,0.31
25.3,11.05,1.75,0.31
25.3,11.05,1.75,0.31
25.3,10.95,1.76,0.31
25.3,10.85,1.73,0.31
25.3,11.05,1.77,0.3
25.3,10.75,1.75,0.31
25.3,10.85,1.73,0.31
25.3,9.38,1.76,0.31
25.3,9.19,1.76,0.3
25.3,9.09,1.73,0.31
25.3,8.99,1.8,0.31
25.3,8.7,1.74,0.31
25.3,8.7,1.74,0.3
25.3,8.7,1.74,0.31
25.3,8.6,1.8,0.3
25.3,9.97,1.78,0.3
25.3,10.17,1.73,0.3
25.3,10.26,1.76,0.3
25.3,10.17,1.73,0.3
25.3,11.14,1.77,0.31
25.3,11.24,1.73,0.31
25.3,11.24,1.74,0.31
25.3,11.05,1.73,0.31
25.3,10.95,1.76,0.3
25.3,10.85,1.8,0.29
25.3,10.85,1.74,0.31
25.3,10.75,1.74,0.31
25.3,9.19,1.73,0.31
25.3,8.9,1.75,0.31
25.3,8.8,1.74,0.31
25.3,8.7,1.77,0.31
25.3,8.31,1.8,0.31
25.3,8.41,1.73,0.31
25.3,8.31,1.81,0.31
25.3,8.41,1.81,0.31
25.3,9.97,1.73,0.31
25.3,10.17,1.78,0.31
25.3,10.26,1.79,0.31
25.3,10.26,1.75,0.31
25.3,11.24,1.8,0.31
25.3,11.34,1.81,0.31
25.3,11.24,1.8,0.31
25.3,11.14,1.75,0.31
25.3,11.24,1.79,0.31
25.3,11.14,1.78,0.31
25.3,11.14,1.74,0.31
25.3,10.95,1.8,0.31
25.3,8.99,1.74,0.31
25.3,8.8,1.75,0.31
25.3,8.7,1.79,0.31
25.3,8.6,1.8,0.31
25.3,8.5,1.79,0.3
25.3,8.5,1.74,0.3
25.3,8.41,1.76,0.3
25.3,8.41,1.8,0.3
25.3,9.97,1.73,0.31
25.3,10.26,1.75,0.3
25.3,10.36,1.78,0.3
25.3,10.26,1.73,0.31
25.3,10.95,1.73,0.3
25.3,11.05,1.78,0.31
25.3,11.05,1.77,0.31
25.3,10.95,1.76,0.31
25.3,10.95,1.79,0.31
25.3,10.95,1.74,0.3
25.3,10.85,1.78,0.31
25.3,10.85,1.74,0.31
25.3,9.09,1.73,0.3
25.3,8.8,1.74,0.3
25.3,8.8,1.77,0.31
25.3,8.7,1.76,0.31
25.3,8.6,1.8,0.3
25.3,8.5,1.73,0.3
25.3,8.7,1.73,0.3
25.3,8.5,1.79,0.3
25.3,10.26,1.75,0.31
25.3,10.26,1.73,0.31
25.3,10.46,1.78,0.31
25.3,10.36,1.76,0.31
25.3,11.24,1.73,0.3
25.3,11.24,1.8,0.3
25.3,11.24,1.79,0.31
25.3,11.14,1.73,0.31
25.3,11.14,1.74,0.3
25.3,11.14,1.75,0.31
25.3,11.14,1.73,0.31
25.3,11.14,1.73,0.31
25.3,9.19,1.73,0.3
25.3,8.99,1.75,0.31
25.3,8.99,1.75,0.3
25.3,8.41,1.75,0.31
25.3,8.8,1.81,0.3
25.3,8.8,1.8,0.31
25.3,8.8,1.73,0.31
25.3,9.48,1.76,0.31
25.3,10.46,1.73,0.31
25.3,10.56,1.8,0.3
25.3,10.56,1.77,0.31
25.3,11.44,1.73,0.31
25.3,11.44,1.79,0.31
25.3,11.44,1.74,0.31
25.3,11.44,1.73,0.3
25.3,11.05,1.73,0.31
25.3,11.24,1.75,0.31
25.3,11.14,1.78,0.31
25.3,11.24,1.74,0.32
25.3,9.68,1.8,0.31
25.3,9.19,1.74,0.3
25.3,9.19,1.74,0.3
25.3,9.09,1.81,0.31
25.3,8.7,1.74,0.31
25.3,8.8,1.79,0.3
25.3,8.8,1.76,0.3
25.3,8.8,1.73,0.3
25.3,9.87,1.73,0.3
25.3,10.26,1.76,0.31
25.3,10.36,1.79,0.31
25.3,10.46,1.79,0.31
25.3,11.24,1.77,0.31
25.3,11.34,1.78,0.3
25.3,11.44,1.73,0.3
25.3,11.44,1.74,0.3
25.3,11.14,1.73,0.3
25.3,11.24,1.75,0.31
25.3,11.24,1.73,0.3
25.3,11.24,1.8,0.31
25.3,9.58,1.73,0.3
25.3,9.29,1.74,0.3
25.3,9.19,1.76,0.3
25.3,9.19,1.73,0.3
25.3,8.7,1.73,0.3
25.3,8.8,1.74,0.3
25.3,8.9,1.72,0.29
25.3,8.8,1.75,0.3
25.3,10.26,1.74,0.29
25.3,10.56,1.72,0.3
25.3,10.56,1.79,0.3
25.3,10.65,1.73,0.3
25.3,11.34,1.72,0.3
25.3,11.53,1.76,0.29
25.3,11.63,1.75,0.3
25.3,11.63,1.72,0.3
25.3,11.34,1.78,0.29
25.3,11.53,1.74,0.3
25.3,11.53,1.74,0.3
25.3,11.44,1.76,0.29
25.3,9.38,1.76,0.3
25.3,9.29,1.73,0.3
25.3,9.19,1.79,0.29
25.3,9.29,1.72,0.29
25.3,8.8,1.79,0.3
25.3,8.9,1.74,0.3
25.3,8.9,1.74,0.3
25.3,8.99,1.73,0.3
25.3,10.26,1.73,0.3
25.3,10.46,1.76,0.3
25.3,10.46,1.73,0.3
25.3,10.46,1.79,0.3
25.3,11.24,1.78,0.3
25.3,11.34,1.78,0.3
25.3,11.34,1.8,0.3
25.3,11.34,1.79,0.3
25.3,11.14,1.79,0.3
25.3,11.24,1.73,0.3
25.3,11.24,1.74,0.3
25.3,11.34,1.74,0.3
25.3,9.38,1.74,0.3
25.3,9.19,1.76,0.29
25.3,9.19,1.72,0.3
25.3,9.19,1.78,0.29
25.3,8.7,1.73,0.3
25.3,8.8,1.74,0.29
25.3,8.8,1.73,0.3
25.3,8.99,1.73,0.3
25.3,10.36,1.74,0.3
25.3,10.56,1.73,0.3
25.3,10.56,1.74,0.3
25.3,10.56,1.76,0.29
25.3,11.44,1.73,0.3
25.3,11.34,1.76,0.3
25.3,11.24,1.73,0.3
25.3,11.34,1.74,0.3
25.3,11.05,1.73,0.3
25.3,11.24,1.76,0.3
25.3,11.14,1.73,0.3
25.3,11.14,1.76,0.3
25.3,9.09,1.73,0.3
25.3,8.99,1.73,0.3
25.3,8.9,1.75,0.3
25.3,8.99,1.8,0.3
25.3,8.7,1.76,0.3
25.3,8.7,1.79,0.3
25.3,8.7,1.73,0.3
25.3,8.7,1.73,0.3
25.3,10.46,1.73,0.3
25.3,10.56,1.74,0.3
25.3,10.46,1.73,0.3
25.3,11.34,1.76,0.29
25.3,11.24,1.74,0.3
25.3,11.34,1.78,0.3
25.3,11.34,1.73,0.3
25.3,11.05,1.74,0.3
25.3,11.05,1.75,0.3
25.3,11.14,1.77,0.3
25.3,11.24,1.73,0.3
25.3,10.26,1.73,0.3
25.3,9.09,1.75,0.3
25.3,9.09,1.72,0.29
25.3,9.09,1.76,0.3
25.3,8.9,1.79,0.3
25.3,8.7,1.73,0.3
25.3,8.8,1.73,0.3
25.3,8.8,1.74,0.3
25.3,9.87,1.74,0.3
25.3,10.26,1.73,0.3
25.3,10.46,1.75,0.3
25.3,10.56,1.78,0.3
25.3,11.44,1.73,0.29
25.3,11.34,1.73,0.3
25.3,11.44,1.73,0.3
25.3,11.44,1.74,0.3
25.3,11.14,1.78,0.3
25.3,11.05,1.73,0.3
25.3,11.14,1.73,0.3
25.3,11.14,1.74,0.3
25.3,9.68,1.73,0.3
25.3,9.19,1.73,0.3
25.3,9.09,1.73,0.3
25.3,9.09,1.73,0.3
25.3,8.8,1.8,0.3
25.3,8.6,1.74,0.3
25.3,8.7,1.8,0.3
25.3,8.8,1.79,0.3
25.3,10.17,1.75,0.3
25.3,10.36,1.74,0.3
25.3,10.56,1.75,0.3
25.3,10.56,1.74,0.3
25.3,11.44,1.76,0.3
25.3,11.34,1.8,0.3
25.3,11.44,1.74,0.3
25.3,11.44,1.73,0.3
25.3,11.34,1.76,0.3
25.3,11.34,1.73,0.3
25.3,11.44,1.77,0.3
25.3,11.34,1.74,0.3
25.3,9.38,1.8,0.3
25.3,9.09,1.74,0.3
25.3,9.09,1.73,0.3
25.3,9.09,1.81,0.3
25.3,8.6,1.8,0.3
25.3,8.6,1.77,0.3
25.3,8.6,1.73,0.3
25.3,8.6,1.74,0.3
25.3,9.97,1.76,0.3
25.3,10.07,1.77,0.3
25.3,10.17,1.75,0.3
25.3,10.17,1.74,0.3
25.3,11.14,1.77,0.3
25.3,11.05,1.74,0.3
25.3,11.14,1.75,0.3
25.3,11.34,1.78,0.3
25.3,11.24,1.73,0.3
25.3,11.24,1.78,0.3
25.3,11.34,1.73,0.3
25.3,11.34,1.74,0.3
25.3,9.48,1.76,0.3
25.3,9.29,1.77,0.3
25.3,9.38,1.77,0.3
25.3,9.29,1.76,0.3
25.3,8.8,1.75,0.3
25.3,8.8,1.73,0.3
25.3,8.8,1.73,0.3
25.3,8.31,1.79,0.3
25.3,9.97,1.73,0.3
25.3,9.97,1.77,0.31
25.3,10.07,1.73,0.3
25.3,10.07,1.74,0.3
25.3,10.95,1.75,0.3
25.3,10.85,1.72,0.3
25.3,10.95,1.73,0.29
25.3,10.95,1.78,0.29
25.3,10.75,1.74,0.3
25.3,10.75,1.73,0.3
25.3,10.85,1.72,0.3
25.3,10.85,1.78,0.29
25.3,8.7,1.74,0.29
25.3,8.6,1.74,0.29
25.3,8.6,1.77,0.3
25.3,8.5,1.73,0.29
25.3,8.41,1.75,0.29
25.3,8.21,1.78,0.29
25.3,8.21,1.73,0.29
25.3,8.41,1.74,0.29
25.3,9.97,1.78,0.29
25.3,10.07,1.78,0.29
25.3,10.17,1.78,0.29
25.3,10.26,1.78,0.29
25.3,10.95,1.75,0.29
25.3,10.95,1.75,0.3
25.3,10.95,1.73,0.29
25.3,10.95,1.73,0.29
25.3,10.85,1.75,0.29
25.3,10.65,1.74,0.29
25.3,10.75,1.72,0.29
25.3,10.85,1.74,0.29
25.3,8.7,1.76,0.29
25.3,8.6,1.77,0.29
25.3,8.6,1.74,0.29
25.3,8.11,1.74,0.29
25.3,8.41,1.74,0.3
25.3,8.21,1.75,0.29
25.3,8.31,1.76,0.29
25.3,8.99,1.76,0.29
25.3,9.87,1.76,0.3
25.3,9.87,1.76,0.3
25.3,9.97,1.74,0.3
25.3,11.05,1.76,0.29
25.3,10.95,1.72,0.29
25.3,10.85,1.75,0.29
25.3,10.95,1.74,0.29
25.3,10.85,1.78,0.3
25.3,10.75,1.75,0.3
25.3,10.65,1.78,0.29
25.3,10.75,1.73,0.29
25.3,9.38,1.73,0.3
25.3,8.7,1.78,0.29
25.3,8.6,1.76,0.29
25.3,8.6,1.75,0.29
25.3,8.31,1.74,0.29
25.3,8.31,1.72,0.3
25.3,8.21,1.72,0.29
25.3,8.31,1.76,0.29
25.3,9.68,1.76,0.29
25.3,9.97,1.8,0.29
25.3,10.07,1.73,0.29
25.3,10.75,1.78,0.29
25.3,11.53,1.74,0.29
25.3,11.53,1.75,0.29
25.3,11.44,1.74,0.3
25.3,11.63,1.72,0.29
25.3,11.34,1.74,0.29
25.3,11.44,1.73,0.29
25.3,11.24,1.79,0.29
25.3,11.34,1.75,0.29
25.3,9.58,1.76,0.29
25.3,9.29,1.79,0.29
25.3,9.09,1.73,0.29
25.3,9.29,1.74,0.29
25.3,8.9,1.72,0.3
25.3,8.99,1.78,0.3
25.3,8.8,1.76,0.29
25.3,8.8,1.74,0.29
25.3,10.17,1.74,0.29
25.3,10.26,1.73,0.29
25.3,10.26,1.78,0.3
25.3,10.46,1.73,0.29
25.3,11.34,1.74,0.29
25.3,11.44,1.72,0.29
25.3,11.44,1.74,0.3
25.3,11.34,1.79,0.29
25.3,11.14,1.73,0.3
25.3,11.24,1.74,0.3
25.3,10.95,1.8,0.3
25.3,11.05,1.73,0.29
25.3,9.09,1.76,0.29
25.3,8.99,1.74,0.29
25.3,8.8,1.8,0.29
25.3,8.99,1.74,0.29
25.3,8.6,1.74,0.29
25.3,8.6,1.74,0.29
25.3,8.5,1.74,0.3
25.3,8.6,1.72,0.29
25.3,10.17,1.74,0.29
25.3,10.26,1.78,0.29
25.3,10.26,1.74,0.29
25.3,10.36,1.74,0.3
25.3,11.24,1.78,0.29
25.3,11.24,1.74,0.3
25.3,11.14,1.74,0.29
25.3,11.24,1.76,0.29
25.3,11.14,1.74,0.29
25.3,11.24,1.74,0.29
25.3,11.05,1.75,0.3
25.3,11.14,1.78,0.3
25.3,9.09,1.73,0.3
25.3,8.9,1.76,0.29
25.3,8.8,1.74,0.29
25.3,8.9,1.74,0.29
25.3,8.6,1.74,0.3
25.3,8.7,1.76,0.3
25.3,8.8,1.73,0.29
25.3,8.8,1.74,0.3
25.3,10.36,1.75,0.29
25.3,10.56,1.73,0.29
25.3,10.36,1.78,0.29
25.3,10.56,1.74,0.29
25.3,11.44,1.77,0.29
25.3,11.34,1.75,0.29
25.3,11.24,1.72,0.3
25.3,11.34,1.78,0.29
25.3,11.14,1.76,0.29
25.3,11.14,1.73,0.3
25.2,11.14,1.79,0.29
